formula,Property Lattice parameter (a),Property Lattice parameter (a) units,Property Cell angle ($\gamma$),Property Cell angle ($\gamma$) units,Property Melting point,Property Melting point units,Property Crystal system,Property Lattice parameter (c),Property Lattice parameter (c) units,Property Cell angle ($\alpha$),Property Cell angle ($\alpha$) units,Property Lattice parameter (b),Property Lattice parameter (b) units,Property Cell angle ($\beta$),Property Cell angle ($\beta$) units,Property Space group number
Na$_{2}$SO$_{4}$,,,,,884,$^{\circ}$C,,,,,,,,,,
TiO$_{2}$,,,,,,,,,,,,,,,,
RbCl,,,,,,,,,,,,,,,,
BeO,,,,,2550,$^{\circ}$C,,,,,,,,,,
VO,,,,,2077,$^{\circ}$C,,,,,,,,,,
SiC,,,,,,,,,,,,,,,,
ZrC,,,,,,,,,,,,,,,,
Cr$_{2}$O$_{3}$,,,,,2279,$^{\circ}$C,,,,,,,,,,
BaF$_{2}$,,,,,"1,286.80",$^{\circ}$C,,,,,,,,,,
GaSb,,,,,,,,,,,,,,,,
Li$_{2}$SO$_{4}$,,,,,857,$^{\circ}$C,,,,,,,,,,
BaB$_{4}$,,,,,,,,,,,,,,,,
CuO,,,,,1446,$^{\circ}$C,,,,,,,,,,
RbF,,,,,,,,,,,,,,,,
FeCl$_{2}$,,,,,677,$^{\circ}$C,,,,,,,,,,
H$_{3}$PO$_{3}$,,,,,73.8,$^{\circ}$C,,,,,,,,,,
Na$_{2}$MoO$_{4}$,,,,,687,$^{\circ}$C,,,,,,,,,,
GeO$_{2}$,,,,,,,,,,,,,,,,
LiBr,,,,,,,,,,,,,,,,
Al$_{2}$O$_{3}$,,,,,2045,$^{\circ}$C,,,,,,,,,,
KI,,,,,,,,,,,,,,,,
AlN,,,,,,,,,,,,,,,,
CaSe,,,,,,,,,,,,,,,,
SnO,,,,,1042,$^{\circ}$C,,,,,,,,,,
UO$_{2}$,,,,,,,,,,,,,,,,
MoCl$_{2}$,,,,,726.8,$^{\circ}$C,,,,,,,,,,
Al$_{4}$C$_{3}$,,,,,,,,,,,,,,,,
NaI,,,,,,,,,,,,,,,,
CdS,,,,,,,,,,,,,,,,
AlSb,,,,,,,,,,,,,,,,
HgBr$_{2}$,,,,,241,$^{\circ}$C,,,,,,,,,,
C,,,,,,,,,,,,,,,,
LiCl,,,,,,,,,,,,,,,,
WC,,,,,,,,,,,,,,,,
EuCl$_{3}$,,,,,622,$^{\circ}$C,,,,,,,,,,
CdSe,,,,,,,,,,,,,,,,
CsNO$_{3}$,,,,,406.8,$^{\circ}$C,,,,,,,,,,
CaTe,,,,,,,,,,,,,,,,
CaSiO$_{3}$,,,,,1512,$^{\circ}$C,,,,,,,,,,
CaCO$_{3}$,,,,,1282,$^{\circ}$C,,,,,,,,,,
TaB$_{2}$,,,,,,,,,,,,,,,,
GaAs,,,,,,,,,,,,,,,,
Cr$_{3}$C$_{2}$,,,,,,,,,,,,,,,,
SrTe,,,,,,,,,,,,,,,,
HfO$_{2}$,,,,,,,,,,,,,,,,
UCl$_{4}$,,,,,590,$^{\circ}$C,,,,,,,,,,
HCl,,,,,-114.3,$^{\circ}$C,,,,,,,,,,
Si,,,,,,,,,,,,,,,,
Sb$_{4}$O$_{6}$,,,,,655,$^{\circ}$C,,,,,,,,,,
Cu$_{2}$S,,,,,1129,$^{\circ}$C,,,,,,,,,,
B$_{4}$C,,,,,,,,,,,,,,,,
NaF,,,,,,,,,,,,,,,,
MoSi$_{2}$,,,,,,,,,,,,,,,,
P$_{4}$O$_{6}$,,,,,23.7,$^{\circ}$C,,,,,,,,,,
TiBr$_{4}$,,,,,38,$^{\circ}$C,,,,,,,,,,
ZnSe,,,,,,,,,,,,,,,,
H$_{2}$SeO$_{4}$,,,,,57.8,$^{\circ}$C,,,,,,,,,,
CrB$_{2}$,,,,,,,,,,,,,,,,
TaC,,,,,,,,,,,,,,,,
MgSiO$_{3}$,,,,,857,$^{\circ}$C,,,,,,,,,,
ZnCl$_{2}$,,,,,283,$^{\circ}$C,,,,,,,,,,
NaCl,,,,,,,,,,,,,,,,
CeO$_{2}$,,,,,,,,,,,,,,,,
SO$_{3}$,,,,,16.8,$^{\circ}$C,,,,,,,,,,
MgCl$_{2}$,,,,,712,$^{\circ}$C,,,,,,,,,,
AlAs,,,,,,,,,,,,,,,,
KBr,,,,,,,,,,,,,,,,
Re$_{2}$O$_{7}$,,,,,296,$^{\circ}$C,,,,,,,,,,
BCl$_{3}$,,,,,-107.8,$^{\circ}$C,,,,,,,,,,
K$_{2}$Cr$_{2}$O$_{7}$,,,,,398,$^{\circ}$C,,,,,,,,,,
Si$_{3}$N$_{4}$,,,,,,,,,,,,,,,,
NaAlSi$_{3}$O$_{8}$,,,,,1107,$^{\circ}$C,,,,,,,,,,
F$_{2}$,,,,,-219.6,$^{\circ}$C,,,,,,,,,,
SeOCl$_{3}$,,,,,9.8,$^{\circ}$C,,,,,,,,,,
BN,,,,,,,,,,,,,,,,
AgF,,,,,,,,,,,,,,,,
TiC,,,,,,,,,,,,,,,,
PbCl$_{2}$,,,,,497.8,$^{\circ}$C,,,,,,,,,,
CdI$_{2}$,,,,,386.8,$^{\circ}$C,,,,,,,,,,
KCl,,,,,,,,,,,,,,,,
Ta$_{2}$O$_{5}$,,,,,1877,$^{\circ}$C,,,,,,,,,,
InP,,,,,,,,,,,,,,,,
Fe$_{3}$C,,,,,"1,226.80",$^{\circ}$C,,,,,,,,,,
BaTe,,,,,,,,,,,,,,,,
ZnS,,,,,,,,,,,,,,,,
H$_{2}$Te,,,,,-49,$^{\circ}$C,,,,,,,,,,
InSb,,,,,,,,,,,,,,,,
AgCN,,,,,350,$^{\circ}$C,,,,,,,,,,
ZrO$_{2}$,,,,,,,,,,,,,,,,
CaSO$_{4}$,,,,,1297,$^{\circ}$C,,,,,,,,,,
ThCl$_{4}$,,,,,765,$^{\circ}$C,,,,,,,,,,
MgF$_{2}$,,,,,,,,,,,,,,,,
ZrCl$_{2}$,,,,,727,$^{\circ}$C,,,,,,,,,,
Br$_{2}$,,,,,-7.2,$^{\circ}$C,,,,,,,,,,
ThO$_{2}$,,,,,,,,,,,,,,,,
CdTe,,,,,,,,,,,,,,,,
SrSe,,,,,,,,,,,,,,,,
MoO$_{3}$,,,,,795,$^{\circ}$C,,,,,,,,,,
PbMoO$_{4}$,,,,,1065,$^{\circ}$C,,,,,,,,,,
NaSCN,,,,,323,$^{\circ}$C,,,,,,,,,,
SrO,,,,,2430,$^{\circ}$C,,,,,,,,,,
RbI,,,,,,,,,,,,,,,,
Al$_{2}$Cl$_{6}$,,,,,192.4,$^{\circ}$C,,,,,,,,,,
MgO,,,,,,,,,,,,,,,,
Y$_{2}$O$_{3}$,,,,,2227,$^{\circ}$C,,,,,,,,,,
RbNO$_{3}$,,,,,305,$^{\circ}$C,,,,,,,,,,
SnBr$_{2}$,,,,,231.8,$^{\circ}$C,,,,,,,,,,
CaF$_{2}$,,,,,,,,,,,,,,,,
Ba(NO$_{3}$)$_{2}$,,,,,594.8,$^{\circ}$C,,,,,,,,,,
TlI,,,,,440,$^{\circ}$C,,,,,,,,,,
BaSe,,,,,,,,,,,,,,,,
AsF$_{5}$,,,,,80.8,$^{\circ}$C,,,,,,,,,,
MnSiO$_{3}$,,,,,712,$^{\circ}$C,,,,,,,,,,
Ni$_{3}$S$_{2}$,,,,,790,$^{\circ}$C,,,,,,,,,,
Nb$_{2}$O$_{5}$,,,,,1511,$^{\circ}$C,,,,,,,,,,
Fe(CO)$_{5}$,,,,,-21.2,$^{\circ}$C,,,,,,,,,,
SnO$_{2}$,,,,,,,,,,,,,,,,
Ag$_{2}$SO$_{4}$,,,,,657,$^{\circ}$C,,,,,,,,,,
WO$_{2}$,,,,,1270,$^{\circ}$C,,,,,,,,,,
NaBr,,,,,,,,,,,,,,,,
InAs,,,,,,,,,,,,,,,,
NaBO$_{2}$,,,,,966,$^{\circ}$C,,,,,,,,,,
K$_{2}$CO$_{3}$,,,,,897,$^{\circ}$C,,,,,,,,,,
GaP,,,,,,,,,,,,,,,,
Tl$_{2}$CO$_{3}$,,,,,273,$^{\circ}$C,,,,,,,,,,
ZrB$_{2}$,,,,,,,,,,,,,,,,
ZnTe,,,,,,,,,,,,,,,,
CuCl,,,,,429,$^{\circ}$C,,,,,,,,,,
AlP,,,,,,,,,,,,,,,,
CNCl,,,,,-5.2,$^{\circ}$C,,,,,,,,,,
Ge,,,,,,,,,,,,,,,,
SiO$_{2}$,,,,,1723,$^{\circ}$C,,,,,,,,,,
RbBr,,,,,677,$^{\circ}$C,,,,,,,,,,
K$_{4}$P$_{2}$O$_{7}$,,,,,1092,$^{\circ}$C,,,,,,,,,,
Li$_{2}$SiO$_{3}$,,,,,1177,$^{\circ}$C,,,,,,,,,,
KF,,,,,,,,,,,,,,,,
HfC,,,,,,,,,,,,,,,,
TiB$_{2}$,,,,,,,,,,,,,,,,
LiF,,,,,896,$^{\circ}$C,,,,,,,,,,
B$_{2}$O$_{3}$,,,,,,,,,,,,,,,,
TiN,,,,,,,,,,,,,,,,
LiI,,,,,,,,,,,,,,,,
BiF$_{3}$,,,,,726,$^{\circ}$C,,,,,,,,,,
CsBr,,,,,,,,,,,,,,,,
NaClO$_{3}$,,,,,255,$^{\circ}$C,,,,,,,,,,
As$_{4}$O$_{6}$,,,,,312.8,$^{\circ}$C,,,,,,,,,,
CsI,,,,,,,,,,,,,,,,
KOH,,,,,360,$^{\circ}$C,,,,,,,,,,
MnF$_{2}$,,,,,,,,,,,,,,,,
OsO$_{4}$,,,,,41.8,$^{\circ}$C,,,,,,,,,,
C$_{5}$H$_{17}$AlN$_{2}$O$_{8}$P$_{2}$,7.8783(2),$\AA$,90,°,,,monoclinic,16.0680(4),$\AA$,90,°,10.46890(10),$\AA$,95.1470(10),$^\circ$,14
C$_{107}$H$_{142}$N$_{14}$O$_{26}$,48.480,$\AA$,90,°,,,orthorhombic,10.740,$\AA$,90,°,21.720,$\AA$,90,°,19
C$_{3}$D$_{3}$O$_{7}$Sr,6.341(1),$\AA$,90,°,,,,5.7798(8),$\AA$,90,°,16.880(2),$\AA$,97.60(1),$^\circ$,
C$_{3}$O$_{6}$Sr,7.9661(7),$\AA$,90,°,,,,7.3198(8),$\AA$,90,°,9.205(1),$\AA$,102.104(8),$^\circ$,
C$_{29}$H$_{30}$CuIP$_{2}$,9.899(5),$\AA$,95.560(5),$^\circ$,,,?,12.259(5),$\AA$,103.442(5),$^\circ$,11.729(5),$\AA$,96.291(5),$^\circ$,2
F$_{16}$H$_{3}$O$_{6}$Sr$_{5}$V$_{3}$,11.217(2),$\AA$,90,°,,,monoclinic,19.887(4),$\AA$,90,°,8.1775(15),$\AA$,105.999(4),$^\circ$,14
C$_{22}$H$_{25}$ClN$_{2}$O$_{8}$,10.9300(9),$\AA$,90,°,,,orthorhombic,15.7085(13),$\AA$,90,°,12.7162(11),$\AA$,90,°,19
CaMgO$_{6}$Si$_{2}$,9.73970,$\AA$,90,°,,,,5.25030,$\AA$,90,°,8.91740,$\AA$,105.866,°,15
CaMgO$_{6}$Si$_{2}$,9.73770,$\AA$,90,°,,,,5.24940,$\AA$,90,°,8.91510,$\AA$,105.851,°,
CaMgO$_{6}$Si$_{2}$,9.68080,$\AA$,90,°,,,,5.21800,$\AA$,90,°,8.84880,$\AA$,105.606,°,
CaMgO$_{6}$Si$_{2}$,9.63410,$\AA$,90,°,,,,5.19260,$\AA$,90,°,8.79480,$\AA$,105.421,°,
CaMgO$_{6}$Si$_{2}$,9.61350,$\AA$,90,°,,,,5.18130,$\AA$,90,°,8.76950,$\AA$,105.337,°,
CaMgO$_{6}$Si$_{2}$,9.57310,$\AA$,90,°,,,,5.15800,$\AA$,90,°,8.71970,$\AA$,105.203,°,
CaMgO$_{6}$Si$_{2}$,9.55570,$\AA$,90,°,,,,5.14740,$\AA$,90,°,8.69510,$\AA$,105.148,°,
CaMgO$_{6}$Si$_{2}$,9.53910,$\AA$,90,°,,,,5.13850,$\AA$,90,°,8.67520,$\AA$,105.106,°,
CaMgO$_{6}$Si$_{2}$,9.52700,$\AA$,90,°,,,,5.13060,$\AA$,90,°,8.65870,$\AA$,105.067,°,
CaMgO$_{6}$Si$_{2}$,9.51640,$\AA$,90,°,,,,5.12460,$\AA$,90,°,8.64490,$\AA$,105.033,°,
Al$_{2}$O$_{3}$,4.7606(5),$\AA$,120,°,,,trigonal,12.994(1),$\AA$,90,°,4.7606(5),$\AA$,90,°,167
C$_{13}$H$_{22}$O$_{3}$,9.812(2),$\AA$,89.460(10),$^\circ$,,,triclinic,11.443(2),$\AA$,82.470(10),$^\circ$,11.1410(10),$\AA$,77.560(10),$^\circ$,
C$_{17}$H$_{17}$NO$_{2}$,12.1194(14),$\AA$,90,°,,,monoclinic,12.5048(16),$\AA$,90,°,10.2869(8),$\AA$,115.864(8),$^\circ$,14
C$_{12}$H$_{30}$As$_{2}$Cl$_{2}$Pt,8.0566(16),$\AA$,90,°,,,monoclinic,13.083(3),$\AA$,90,°,17.754(4),$\AA$,94.20(3),$^\circ$,14
C$_{13}$H$_{15}$NO$_{4}$S,19.967(2),$\AA$,90,°,,,monoclinic,9.1666(13),$\AA$,90,°,7.5484(9),$\AA$,102.967(11),$^\circ$,14
CaO$_{3}$Ti,5.380(1),$\AA$,90,°,,,orthorhombic,7.639(1),$\AA$,90,°,5.440(1),$\AA$,90,°,62
Cu$_{3}$Fe$_{4}$O$_{24}$P$_{6}$,7.9296(1),$\AA$,105.830(1),$^\circ$,,,triclinic,6.2555(1),$\AA$,107.160(1),$^\circ$,9.3275(2),$\AA$,101.011(1),$^\circ$,2
GaGd$_{3}$O$_{6}$,8.99280(10),$\AA$,90,°,,,orthorhombic,5.48116(9),$\AA$,90,°,11.2809(2),$\AA$,90,°,36
LaNi$_{5}$,5.0125(3),$\AA$,120,°,,,hexagonal,3.9873(2),$\AA$,90,°,5.0125(3),$\AA$,90,°,191
B$_{2}$Mg,3.085,$\AA$,120,°,,,hexagonal,3.523,$\AA$,90,°,3.085,$\AA$,90,°,191
MgO$_{4}$S,5.182(15),$\AA$,90,°,,,orthorhombic,6.506(16),$\AA$,90,°,7.893(2),$\AA$,90,°,63
Al$_{6}$Cl$_{2}$Na$_{8}$O$_{24}$Si$_{6}$,8.875(1),$\AA$,90,°,,,,8.875(1),$\AA$,90,°,8.875(1),$\AA$,90,°,
Al$_{2.7}$N$_{15.1}$O$_{0.9}$Si$_{9.3}$Y$_{0.5}$,7.82927(7),$\AA$,120,°,,,trigonal,5.70757(6),$\AA$,90,°,7.82927(7),$\AA$,90,°,159
Ba$_{2}$Cu$_{3}$O$_{6.9}$Y,3.82030(8),$\AA$,90,°,,,orthorhombic,11.68349(23),$\AA$,90,°,3.88548(10),$\AA$,90,°,47
Ba$_{2}$Cu$_{4}$O$_{8}$Y,3.8402(1),$\AA$,90,°,,,,27.2309(3),$\AA$,90,°,3.8708(1),$\AA$,90,°,65
Al$_{2}$O$_{3}$,4.76050(5),$\AA$,120,°,,,trigonal,12.9956(2),$\AA$,90,°,4.76050(5),$\AA$,90,°,167
CBaO$_{3}$,5.3126(5),$\AA$,90,°,,,orthorhombic,6.4284(5),$\AA$,90,°,8.8958(5),$\AA$,90,°,62
Al$_{2}$CaO$_{8}$Si$_{2}$,8.173(1),$\AA$,91.261(6),$^\circ$,,,triclinic,14.165(1),$\AA$,93.113(6),$^\circ$,12.869(1),$\AA$,115.913(6),$^\circ$,2
Al$_{0.34}$Ca$_{0.6}$Fe$_{0.2}$Mg$_{0.9}$Na$_{0.1}$O$_{6}$Si$_{1.82}$,9.699(1),$\AA$,90,°,,,monoclinic,5.272(1),$\AA$,90,°,8.844(1),$\AA$,106.97(2),$^\circ$,15
H$_{2}$Mg$_{3}$O$_{12}$Si$_{4}$,5.33(5),$\AA$,90,°,,,monoclinic,28.85(10),$\AA$,90,°,9.18(5),$\AA$,93.25(25),$^\circ$,9
BaO$_{4}$S,8.884(4),$\AA$,90,°,,,orthorhombic,7.153(3),$\AA$,90,°,5.458(3),$\AA$,90,°,62
AlFeH$_{2}$KMg$_{2}$O$_{12}$Si$_{3}$,5.345(1),$\AA$,90,°,,,monoclinic,10.222(2),$\AA$,90,°,9.258(2),$\AA$,100.23(2),$^\circ$,12
Al$_{6}$Ca$_{9}$O$_{18}$,15.263(3),$\AA$,90,°,,,cubic,15.263(3),$\AA$,90,°,15.263(3),$\AA$,90,°,205
Al$_{0.6}$Ca$_{2}$Fe$_{1.4}$O$_{5}$,5.588(5),$\AA$,90,°,,,orthorhombic,5.380(5),$\AA$,90,°,14.61(2),$\AA$,90,°,46
ClNa,5.62,$\AA$,90,°,,,cubic,5.62,$\AA$,90,°,5.62,$\AA$,90,°,225
Al$_{3}$H$_{2}$KO$_{12}$Si$_{3}$,5.189(10),$\AA$,90,°,,,monoclinic,20.09698(500),$\AA$,90,°,8.995(20),$\AA$,95.18(8),$^\circ$,15
CaF$_{2}$,5.462(30),$\AA$,90,°,,,cubic,5.462(30),$\AA$,90,°,5.462(30),$\AA$,90,°,225
CaO,4.799,$\AA$,90,°,,,cubic,4.799,$\AA$,90,°,4.799,$\AA$,90,°,225
CaH$_{2}$O$_{2}$,3.5862(6),$\AA$,120,°,,,trigonal,4.8801(17),$\AA$,90,°,3.5862(6),$\AA$,90,°,164
Ca$_{5}$H$_{10}$O$_{22}$Si$_{6}$,5.593(6),$\AA$,90,°,,,monoclinic,22.45599(2700),$\AA$,90,°,3.645(4),$\AA$,96.97(2),$^\circ$,12
Mg$_{2}$O$_{6}$Si$_{2}$,18.25099(400),$\AA$,90,°,,,orthorhombic,5.181(1),$\AA$,90,°,8.814(1),$\AA$,90,°,61
Al$_{2}$Ca$_{2}$O$_{7}$Si,7.6850(4),$\AA$,90,°,,,tetragonal,5.0636(3),$\AA$,90,°,7.6850(4),$\AA$,90,°,113
K$_{2}$O$_{4}$S,5.947(2),$\AA$,120,°,,,hexagonal,8.375(3),$\AA$,90,°,5.947(2),$\AA$,90,°,194
ClK,3.634(4),$\AA$,90,°,,,cubic,3.634(4),$\AA$,90,°,3.634(4),$\AA$,90,°,221
KNO$_{3}$,5.487(1),$\AA$,120,°,,,trigonal,9.156(3),$\AA$,90,°,5.487(1),$\AA$,90,°,160
C$_{4}$CaMg$_{3}$O$_{12}$,9.5027(6),$\AA$,120,°,,,trigonal,7.8212(6),$\AA$,90,°,9.5027(6),$\AA$,90,°,155
MgO,4.217(1),$\AA$,90,°,,,cubic,4.217(1),$\AA$,90,°,4.217(1),$\AA$,90,°,225
H$_{2}$MgO$_{2}$,3.142(1),$\AA$,120,°,,,trigonal,4.766(2),$\AA$,90,°,3.142(1),$\AA$,90,°,164
B$_{6}$La,4.157597(17),$\AA$,90,°,,,cubic,4.157597,$\AA$,90,°,4.157597,$\AA$,90,°,
B$_{14}$Mg$_{1.93}$,5.970(3),$\AA$,90,°,,,,10.480(5),$\AA$,90,°,8.125(3),$\AA$,90,°,
B$_{6}$La,4.1570(1),$\AA$,90,°,,,cubic,4.1570(1),$\AA$,90,°,4.1570(1),$\AA$,90,°,221
O$_{2}$Ru,4.4968(2),$\AA$,90,°,,,tetragonal,3.1049(1),$\AA$,90,°,4.4968(2),$\AA$,90,°,
Al$_{2}$O$_{3}$,4.7554(3),$\AA$,120,°,,,trigonal,12.9910(6),$\AA$,90,°,4.7554(3),$\AA$,90,°,167
Al$_{2}$O$_{5}$Ti,9.429(2),$\AA$,90,°,,,orthorhombic,3.591(1),$\AA$,90,°,9.636(2),$\AA$,90,°,63
AlH$_{3}$O$_{3}$,5.062(1),$\AA$,90,°,,,monoclinic,4.713(1),$\AA$,90,°,8.671(2),$\AA$,90.27(3),$^\circ$,14
O$_{2}$Sn,4.7380(1),$\AA$,90,°,,,tetragonal,3.1865(2),$\AA$,90,°,4.7380(1),$\AA$,90,°,136
Cu$_{2}$O,4.252(2),$\AA$,90,°,,,cubic,4.252(2),$\AA$,90,°,4.252(2),$\AA$,90,°,224
Fe$_{2}$O$_{4}$Si,4.8195(6),$\AA$,90,°,,,orthorhombic,6.0873(8),$\AA$,90,°,10.4788(17),$\AA$,90,°,62
C,2.46,$\AA$,120,°,,,trigonal,33.45,$\AA$,90,°,2.46,$\AA$,90,°,166
Ba$_{2}$Cu$_{2.5}$O$_{7}$Pd$_{0.5}$Y,3.841(1),$\AA$,90,°,,,orthorhombic,11.671(3),$\AA$,90,°,3.883(1),$\AA$,90,°,47
LiO$_{6}$SbW,4.6664(1),$\AA$,90,°,,,orthorhombic,4.9941(2),$\AA$,90,°,17.4435(5),$\AA$,90,°,60
LiNbO$_{6}$W,4.6819(2),$\AA$,90,°,,,tetragonal,9.2757(5),$\AA$,90,°,4.6819(2),$\AA$,90,°,113
LiNbO$_{6}$W,4.6818(6),$\AA$,90,°,,,tetragonal,9.2754(15),$\AA$,90,°,4.6818(6),$\AA$,90,°,113
LiNbO$_{6}$W,5.1562(9),$\AA$,120,°,,,trigonal,13.664(3),$\AA$,90,°,5.1562(9),$\AA$,90,°,161
Ba$_{2}$O$_{3}$Pd,13.335(2),$\AA$,90,°,,,orthorhombic,3.8362(4),$\AA$,90,°,4.080(5),$\AA$,90,°,71
H$_{5}$O$_{7}$PV,5.659(2),$\AA$,92.23(2),$^\circ$,,,triclinic,12.623(5),$\AA$,89.66(2),$^\circ$,7.578(4),$\AA$,102.14(2),$^\circ$,2
F$_{7}$Li$_{3}$Th,8.7885(1),$\AA$,90,°,,,orthorhombic,12.958(2),$\AA$,90,°,8.7685(1),$\AA$,90,°,68
F$_{7}$Li$_{3}$Th,8.7590(2),$\AA$,90,°,,,orthorhombic,12.8956(3),$\AA$,90,°,8.7280(2),$\AA$,90,°,68
BiLiO$_{4}$Pd$_{2}$,6.9109(2),$\AA$,90,°,,,tetragonal,4.3557(2),$\AA$,90,°,6.9109(2),$\AA$,90,°,129
Al$_{5}$F$_{26}$Na$_{3}$Sr$_{4}$,10.2679(5),$\AA$,90,°,,,tetragonal,18.373(2),$\AA$,90,°,10.2679(5),$\AA$,90,°,86
CrF$_{3}$H$_{0.0999}$N$_{0.0333}$,7.276(2),$\AA$,90,°,,,orthorhombic,7.364(2),$\AA$,90,°,12.480(3),$\AA$,90,°,63
F$_{3}$H$_{0.0801}$N$_{0.0267}$V,7.425(9),$\AA$,90,°,,,orthorhombic,7.563(2),$\AA$,90,°,12.835(17),$\AA$,90,°,63
HKO$_{6}$PV,6.7550(3),$\AA$,90,°,,,orthorhombic,17.0808(6),$\AA$,90,°,9.1026(4),$\AA$,90,°,61
H$_{5}$NO$_{6}$PV,6.8064(6),$\AA$,90,°,,,orthorhombic,17.732(2),$\AA$,90,°,9.2567(7),$\AA$,90,°,61
HO$_{6}$PRbV,6.8182(8),$\AA$,90,°,,,orthorhombic,17.631(2),$\AA$,90,°,9.291(1),$\AA$,90,°,61
Al$_{6}$F$_{21}$NaRb$_{2}$,12.075(6),$\AA$,90,°,,,monoclinic,10.214(5),$\AA$,90,°,6.972(3),$\AA$,113.20(2),$^\circ$,5
H$_{5}$O$_{7}$PV,7.613(5),$\AA$,90,°,,,monoclinic,9.482(7),$\AA$,90,°,7.431(5),$\AA$,95.44(8),$^\circ$,14
H$_{5}$O$_{7}$PV,7.61(1),$\AA$,90,°,,,monoclinic,9.47(1),$\AA$,90,°,7.42(1),$\AA$,95.4(1),$^\circ$,14
Cr$_{5}$F$_{17}$Rb$_{2}$,7.418(2),$\AA$,90,°,,,orthorhombic,14.624(2),$\AA$,90,°,25.670(5),$\AA$,90,°,63
Al$_{2}$F$_{3.24}$H$_{4.76}$O$_{3.76}$,9.8614(2),$\AA$,90,°,,,cubic,9.8614(2),$\AA$,90,°,9.8614(2),$\AA$,90,°,227
Al$_{2}$F$_{3}$H$_{3}$O$_{3}$,9.7490(6),$\AA$,90,°,,,cubic,9.7490(6),$\AA$,90,°,9.7490(6),$\AA$,90,°,227
F$_{6}$Li$_{2}$Tb,7.585(1),$\AA$,90,°,,,monoclinic,11.116(2),$\AA$,90,°,4.965(1),$\AA$,106.96(1),$^\circ$,14
F$_{6}$Li$_{2}$Tb,7.560(1),$\AA$,90,°,,,monoclinic,11.066(1),$\AA$,90,°,4.934(1),$\AA$,107.02(1),$^\circ$,14
F$_{5}$FeK$_{2}$,7.4059(4),$\AA$,90,°,,,orthorhombic,20.4282(13),$\AA$,90,°,12.8771(9),$\AA$,90,°,60
Ca$_{2.028}$F$_{7}$Lu$_{0.972}$,8.6633(3),$\AA$,90,°,,,tetragonal,16.5252(8),$\AA$,90,°,8.6633(3),$\AA$,90,°,87
Cr$_{10}$F$_{31}$K$_{5}$,21.576(1),$\AA$,90,°,,,monoclinic,32.865(4),$\AA$,90,°,7.6081(6),$\AA$,109.24,°,12
F$_{1.6}$O$_{0.7}$Sm,3.9041(1),$\AA$,90,°,,,orthorhombic,5.6473(2),$\AA$,90,°,4.0397(1),$\AA$,90,°,59
NiO$_{6}$V$_{2}$,7.130(1),$\AA$,94.19(1),$^\circ$,,,triclinic,8.825(2),$\AA$,90.16(1),$^\circ$,4.791(1),$\AA$,102.13(1),$^\circ$,2
HNa$_{2.57}$O$_{18}$P$_{4}$V$_{4}$,13.723(5),$\AA$,90,°,,,orthorhombic,16.139(4),$\AA$,90,°,6.314(2),$\AA$,90,°,62
Cl$_{5.5}$CrH$_{32}$N$_{6.5}$NiO$_{6}$,20.440(2),$\AA$,90,°,,,cubic,20.440(2),$\AA$,90,°,20.440(2),$\AA$,90,°,203
CdF$_{3}$H$_{4}$N,6.1791(14),$\AA$,90,°,,,orthorhombic,6.1655(14),$\AA$,90,°,8.8786(6),$\AA$,90,°,62
AlF$_{6}$NaSr,18.303(1),$\AA$,90,°,,,orthorhombic,9.4200(4),$\AA$,90,°,5.3122(2),$\AA$,90,°,33
ClCoH$_{4}$O$_{3}$P,7.416(4),$\AA$,90,°,,,orthorhombic,9.483(5),$\AA$,90,°,13.082(7),$\AA$,90,°,61
F$_{12}$Fe$_{2}$H$_{6}$MnO$_{3}$Pb$_{2}$,9.320(1),$\AA$,120,°,,,hexagonal,3.9618(5),$\AA$,90,°,9.320(1),$\AA$,90,°,189
Co$_{3}$H$_{4}$O$_{10}$P$_{2}$,7.531(1),$\AA$,90,°,,,monoclinic,7.700(2),$\AA$,90,°,7.516(1),$\AA$,121.91(1),$^\circ$,14
Co$_{3}$H$_{4}$O$_{10}$P$_{2}$,7.5024(2),$\AA$,90,°,,,monoclinic,7.6716(2),$\AA$,90,°,7.4896(2),$\AA$,121.864(1),$^\circ$,14
Al$_{2}$CaF$_{9}$K,12.343(2),$\AA$,90,°,,,orthorhombic,22.679(4),$\AA$,90,°,7.152(1),$\AA$,90,°,20
AlBa$_{3}$F$_{9}$,7.5318(3),$\AA$,90,°,,,orthorhombic,14.5732(7),$\AA$,90,°,14.8674(7),$\AA$,90,°,30
F$_{24}$Fe$_{2}$MnPb$_{8}$,20.181(3),$\AA$,90,°,,,monoclinic,9.438(2),$\AA$,90,°,5.625(1),$\AA$,105,°,14
AlCsF$_{4}$,11.8101(4),$\AA$,90,°,,,tetragonal,13.3741(6),$\AA$,90,°,11.8101(4),$\AA$,90,°,120
AlCsF$_{4}$,10.5576(6),$\AA$,90,°,,,orthorhombic,17.5954(9),$\AA$,90,°,6.7500(4),$\AA$,90,°,62
BaF$_{10}$H$_{4}$O$_{2}$Zr$_{2}$,7.8974(3),$\AA$,90,°,,,orthorhombic,14.7227(4),$\AA$,90,°,7.9076(3),$\AA$,90,°,62
Al$_{2}$F$_{9}$H$_{5}$K$_{2}$O$_{2}$,11.5418(7),$\AA$,90,°,,,orthorhombic,3.6733(2),$\AA$,90,°,11.3437(7),$\AA$,90,°,55
AlF$_{3}$,10.1843(3),$\AA$,90,°,,,tetragonal,7.1738(2),$\AA$,90,°,10.1843(3),$\AA$,90,°,129
Bi$_{2}$Li$_{8}$O$_{10}$Pd,9.7308(2),$\AA$,90,°,,,monoclinic,11.0656(2),$\AA$,90,°,4.2042(1),$\AA$,105.781(1),$^\circ$,12
H$_{0.572}$O$_{2}$Ti$_{0.858}$,9.7689(6),$\AA$,90,°,,,orthorhombic,4.6745(4),$\AA$,90,°,2.9212(2),$\AA$,90,°,62
H$_{5}$NO$_{6}$PV,6.830(1),$\AA$,90,°,,,orthorhombic,8.817(2),$\AA$,90,°,9.233(2),$\AA$,90,°,29
Al$_{6}$Ba$_{7.092}$Cl$_{2}$F$_{33}$K$_{2.908}$,18.863(4),$\AA$,120,°,,,trigonal,7.636(2),$\AA$,90,°,18.863(2),$\AA$,90,°,164
H$_{14}$O$_{30}$P$_{8}$Zn$_{11}$,12.872(1),$\AA$,120,°,,,hexagonal,4.9772(4),$\AA$,90,°,12.872(1),$\AA$,90,°,186
O$_{5}$Tl$_{0.5}$V$_{2}$,11.609(8),$\AA$,90,°,,,monoclinic,9.629(6),$\AA$,90,°,3.6877(2),$\AA$,100.90(4),$^\circ$,12
Cu$_{2}$Li$_{3}$O$_{4}$,9.946(5),$\AA$,90,°,,,monoclinic,7.260(5),$\AA$,90,°,2.778(2),$\AA$,119.10(2),$^\circ$,12
H$_{6}$O$_{6}$P$_{2}$V,12.046(3),$\AA$,90,°,,,monoclinic,7.548(2),$\AA$,90,°,8.147(1),$\AA$,121.83(2),$^\circ$,15
H$_{6}$O$_{6}$P$_{2}$V,12.179(4),$\AA$,90,°,,,monoclinic,7.638(3),$\AA$,90,°,8.096(1),$\AA$,122.75(3),$^\circ$,15
H$_{6}$O$_{6}$P$_{2}$V,12.195(5),$\AA$,90,°,,,monoclinic,7.651(3),$\AA$,90,°,8.111(1),$\AA$,122.69(3),$^\circ$,15
H$_{6}$O$_{6}$P$_{2}$V,12.262(8),$\AA$,90,°,,,monoclinic,7.702(5),$\AA$,90,°,8.069(2),$\AA$,123.34(5),$^\circ$,15
BaF$_{5}$Fe,9.532(1),$\AA$,90,°,,,monoclinic,11.398(1),$\AA$,90,°,7.901(1),$\AA$,93.45(1),$^\circ$,14
Fe$_{4}$Mo$_{3.02}$O$_{20}$V$_{1.98}$,9.5390(3),$\AA$,90,°,,,tetragonal,17.1411(5),$\AA$,90,°,9.5390(3),$\AA$,90,°,91
FeMoO$_{7}$V,5.5703(1),$\AA$,101.273(1),$^\circ$,,,triclinic,7.9032(2),$\AA$,96.174(1),$^\circ$,6.6741(1),$\AA$,90.260(1),$^\circ$,2
AlF$_{4}$K,5.0424(1),$\AA$,90,°,,,tetragonal,6.1564(1),$\AA$,90,°,5.0424(1),$\AA$,90,°,127
AlF$_{4}$K,5.0431(1),$\AA$,90,°,,,tetragonal,6.1567(1),$\AA$,90,°,5.0431(1),$\AA$,90,°,127
AlF$_{4}$K,5.0432(1),$\AA$,90,°,,,tetragonal,6.1573(1),$\AA$,90,°,5.0432(1),$\AA$,90,°,127
Cr$_{2}$H$_{12}$N$_{4}$O$_{7}$Pd,7.771(3),$\AA$,90,°,,,monoclinic,11.852(4),$\AA$,90,°,11.578(1),$\AA$,105.50(4),$^\circ$,14
AlBaF$_{5}$,13.7168(3),$\AA$,90,°,,,orthorhombic,4.9329(1),$\AA$,90,°,5.6054(2),$\AA$,90,°,19
AlBaF$_{5}$,5.1517(1),$\AA$,90,°,,,monoclinic,7.5567(2),$\AA$,90,°,19.56659(40),$\AA$,92.426(1),$^\circ$,14
AlBaF$_{5}$,5.2584(1),$\AA$,90,°,,,monoclinic,7.3701(2),$\AA$,90,°,9.7298(2),$\AA$,90.875(1),$^\circ$,4
BaF$_{6}$H$_{0.075}$O$_{0.0375}$Zr,13.193(2),$\AA$,90,°,,,monoclinic,19.83899(300),$\AA$,90,°,7.499(1),$\AA$,91.69(1),$^\circ$,15
H$_{4}$N$_{2}$O$_{8}$Pd,5.0036(3),$\AA$,90,°,,,orthorhombic,11.7223(8),$\AA$,90,°,10.6073(7),$\AA$,90,°,61
BaHgO$_{5}$Ru,10.1760(1),$\AA$,120,°,,,hexagonal,8.4121(1),$\AA$,90,°,10.1760(1),$\AA$,90,°,176
F$_{22}$Sr$_{5}$Zr$_{3}$,7.655(1),$\AA$,90,°,,,orthorhombic,10.255(1),$\AA$,90,°,10.313(1),$\AA$,90,°,18
H$_{2}$K$_{2}$O$_{10}$Si$_{3}$Ti,7.1362(2),$\AA$,90,°,,,orthorhombic,12.9414(4),$\AA$,90,°,9.9084(3),$\AA$,90,°,19
Cu$_{3}$H$_{6}$O$_{11}$V$_{2}$,10.606(4),$\AA$,90,°,,,monoclinic,7.213(3),$\AA$,90,°,5.874(1),$\AA$,94.90(3),$^\circ$,12
Cu$_{3}$H$_{6}$O$_{11}$V$_{2}$,10.607(5),$\AA$,90,°,,,monoclinic,7.214(6),$\AA$,90,°,5.864(4),$\AA$,94.88(4),$^\circ$,12
BaF$_{5}$GaH$_{4}$O$_{2}$,10.0626(6),$\AA$,90,°,,,monoclinic,4.9788(3),$\AA$,90,°,5.8070(1),$\AA$,103.359(7),$^\circ$,11
CaH$_{2}$Na$_{2}$O$_{8}$P$_{2}$,9.0652(3),$\AA$,90,°,,,monoclinic,5.4700(2),$\AA$,90,°,7.1468(2),$\AA$,98.782(1),$^\circ$,4
LiO$_{3}$Sb,4.9005(2),$\AA$,90,°,,,orthorhombic,5.1816(2),$\AA$,90,°,8.4892(3),$\AA$,90,°,52
H$_{0.6}$Li$_{0.4}$O$_{3}$Sb,4.7260(5),$\AA$,90,°,,,orthorhombic,5.2306(6),$\AA$,90,°,8.659(1),$\AA$,90,°,52
H$_{0.67}$Li$_{0.33}$O$_{3}$Sb,5.2526(3),$\AA$,90,°,,,monoclinic,8.6322(6),$\AA$,90,°,4.7331(3),$\AA$,90.8(5),$^\circ$,14
F$_{9}$Fe$_{2}$NaPb,7.308(3),$\AA$,90,°,,,monoclinic,7.640(3),$\AA$,90,°,12.559(5),$\AA$,93.06(2),$^\circ$,15
H$_{2}$Na$_{5}$O$_{15}$P$_{3}$V$_{2}$,6.3089(4),$\AA$,90,°,,,monoclinic,5.1172(5),$\AA$,90,°,20.10379(80),$\AA$,91.134(6),$^\circ$,8
Al$_{3}$F$_{12}$NaRb$_{2}$,12.046(6),$\AA$,90,°,,,monoclinic,7.093(4),$\AA$,90,°,6.984(4),$\AA$,125.04(4),$^\circ$,11
Al$_{3}$F$_{12}$K$_{2}$Na,11.882(7),$\AA$,90,°,,,monoclinic,6.942(4),$\AA$,90,°,6.983(4),$\AA$,125.59(3),$^\circ$,11
Li$_{6}$O$_{18}$P$_{6}$,7.9911(3),$\AA$,90,°,,,monoclinic,5.3208(2),$\AA$,90,°,17.03189(60),$\AA$,99.433(1),$^\circ$,14
AlCaF$_{6}$Na,8.7423(3),$\AA$,90,°,,,monoclinic,20.35139(90),$\AA$,90,°,5.1927(2),$\AA$,91.499(2),$^\circ$,14
Ba$_{2}$F$_{8}$Zr,9.7401(1),$\AA$,90,°,,,orthorhombic,11.8871(1),$\AA$,90,°,5.6147(1),$\AA$,90,°,62
Ba$_{2}$F$_{8}$Zr,9.7426(3),$\AA$,90,°,,,orthorhombic,11.8877(3),$\AA$,90,°,5.6157(2),$\AA$,90,°,62
Ba$_{2}$F$_{8}$Zr,9.7401(2),$\AA$,90,°,,,orthorhombic,11.8839(3),$\AA$,90,°,5.6167(1),$\AA$,90,°,62
Ba$_{2}$F$_{8}$Zr,9.7472(2),$\AA$,90,°,,,orthorhombic,11.8995(3),$\AA$,90,°,5.6173(1),$\AA$,90,°,62
F$_{8}$Pb$_{2}$Zr,10.0800(3),$\AA$,90,°,,,orthorhombic,11.6637(3),$\AA$,90,°,5.3262(1),$\AA$,90,°,62
D$_{7}$LaNi$_{5}$,5.409(2),$\AA$,120,°,,,hexagonal,8.600(1),$\AA$,90,°,5.409(2),$\AA$,90,°,186
D$_{7}$LaNi$_{5}$,5.409(2),$\AA$,120,°,,,hexagonal,8.600(1),$\AA$,90,°,5.409(2),$\AA$,90,°,186
CrF$_{6}$MnNa,8.993(1),$\AA$,120,°,,,trigonal,5.003(1),$\AA$,90,°,8.993(1),$\AA$,90,°,150
CrF$_{5}$Mn,8.586(5),$\AA$,90,°,,,monoclinic,7.381(4),$\AA$,90,°,6.291(3),$\AA$,115.46(7),$^\circ$,15
CrF$_{5}$Mn,8.856(5),$\AA$,90,°,,,monoclinic,7.381(4),$\AA$,90,°,6.291(3),$\AA$,115.46(7),$^\circ$,15
CrF$_{5}$Mn,8.856(5),$\AA$,90,°,,,monoclinic,7.381(4),$\AA$,90,°,6.291(3),$\AA$,115.46(7),$^\circ$,15
CrF$_{5}$Rb$_{2}$,7.515(5),$\AA$,90,°,,,orthorhombic,11.985(6),$\AA$,90,°,5.724(5),$\AA$,90,°,62
F$_{3}$FeK$_{0.6}$,12.750(2),$\AA$,90,°,,,orthorhombic,3.986(2),$\AA$,90,°,12.637(2),$\AA$,90,°,32
FNb$_{2}$O$_{5}$Tl,10.506(3),$\AA$,90,°,,,cubic,10.506(3),$\AA$,90,°,10.506(3),$\AA$,90,°,227
Al$_{1.5}$CsF$_{6}$Na$_{0.5}$,7.310(3),$\AA$,57.43,°,,,trigonal,7.31,$\AA$,57.43(10),$^\circ$,7.31,$\AA$,57.43,°,166
Al$_{1.5}$CsF$_{6}$Li$_{0.5}$,7.106(3),$\AA$,58.8,°,,,trigonal,7.106,$\AA$,58.8(1),$^\circ$,7.106,$\AA$,58.8,°,166
AlF$_{4}$K,5.043(2),$\AA$,90,°,,,tetragonal,6.164(6),$\AA$,90,°,5.043(2),$\AA$,90,°,127
F$_{6}$Li$_{2}$Ti,4.630(5),$\AA$,90,°,,,tetragonal,8.935(10),$\AA$,90,°,4.630(5),$\AA$,90,°,136
Ba$_{2}$F$_{10}$Ni$_{3}$,18.542(7),$\AA$,90,°,,,monoclinic,7.821(3),$\AA$,90,°,5.958(2),$\AA$,111.92(10),$^\circ$,12
FNb$_{2}$O$_{5}$Tl,10.506(3),$\AA$,90,°,,,cubic,10.506(3),$\AA$,90,°,10.506(3),$\AA$,90,°,227
F$_{2}$NbO$_{4}$TiTl,10.365(3),$\AA$,90,°,,,cubic,10.365(3),$\AA$,90,°,10.365(3),$\AA$,90,°,227
FO$_{5}$TiTlW,10.241(3),$\AA$,90,°,,,cubic,10.241(3),$\AA$,90,°,10.241(3),$\AA$,90,°,227
FNb$_{2}$O$_{5}$Rb,10.492(3),$\AA$,90,°,,,cubic,10.492(3),$\AA$,90,°,10.492(3),$\AA$,90,°,227
CsFNb$_{2}$O$_{5}$,10.525(3),$\AA$,90,°,,,cubic,10.525(3),$\AA$,90,°,10.525(3),$\AA$,90,°,227
F$_{6}$Fe$_{2}$H$_{4}$N,7.045(4),$\AA$,90,°,,,orthorhombic,10.116(6),$\AA$,90,°,7.454(4),$\AA$,90,°,62
AlF$_{4}$Rb,11.666(5),$\AA$,90,°,,,tetragonal,12.551(6),$\AA$,90,°,11.666(5),$\AA$,90,°,120
F$_{12}$Li$_{3}$Na$_{3}$Sc$_{2}$,12.607(3),$\AA$,90,°,,,cubic,12.607(3),$\AA$,90,°,12.607(3),$\AA$,90,°,230
F$_{12}$In$_{2}$Li$_{3}$Na$_{3}$,12.693(3),$\AA$,90,°,,,cubic,12.693(3),$\AA$,90,°,12.693(3),$\AA$,90,°,230
F$_{6}$Fe$_{2}$Li,4.673(5),$\AA$,90,°,,,tetragonal,9.29(2),$\AA$,90,°,4.673(5),$\AA$,90,°,136
F$_{3}$FeNa$_{0.11}$,5.372(2),$\AA$,58.85(5),$^\circ$,,,trigonal,5.372(2),$\AA$,58.85(5),$^\circ$,5.372(2),$\AA$,58.85(5),$^\circ$,167
FeLi$_{3}$O$_{8}$Sb$_{2}$,9.017(4),$\AA$,90,°,,,orthorhombic,9.841(4),$\AA$,90,°,5.013(2),$\AA$,90,°,62
AlF$_{5}$H$_{4}$Hg$_{2}$O$_{2}$,9.353(5),$\AA$,90,°,,,tetragonal,7.241(6),$\AA$,90,°,9.353(5),$\AA$,90,°,108
AlF$_{4}$H$_{4}$N,5.0875(1),$\AA$,90,°,,,tetragonal,12.7319(4),$\AA$,90,°,5.0875(1),$\AA$,90,°,140
AlF$_{4}$H$_{4}$N,5.0564(1),$\AA$,90,°,,,tetragonal,12.7113(2),$\AA$,90,°,5.0564(1),$\AA$,90,°,135
F$_{6}$FeLiMn,8.684(2),$\AA$,120,°,,,trigonal,4.657(1),$\AA$,90,°,8.684(2),$\AA$,90,°,150
F$_{6}$FeLiMn,8.723(2),$\AA$,120,°,,,trigonal,4.745(1),$\AA$,90,°,8.723(2),$\AA$,90,°,150
F$_{6}$FeLiMn,8.723(2),$\AA$,120,°,,,trigonal,4.745(1),$\AA$,90,°,8.723(2),$\AA$,90,°,150
F$_{3}$FeH$_{0.66}$O$_{0.33}$,7.423(3),$\AA$,90,°,,,orthorhombic,7.526(3),$\AA$,90,°,12.730(4),$\AA$,90,°,63
F$_{6}$FeH$_{4}$MnN,7.844(4),$\AA$,90,°,,,orthorhombic,10.582(6),$\AA$,90,°,12.819(8),$\AA$,90,°,30
HNbO$_{3}$,7.645(2),$\AA$,90,°,,,cubic,7.645(2),$\AA$,90,°,7.645(2),$\AA$,90,°,204
HNbO$_{3}$,7.645(2),$\AA$,90,°,,,cubic,7.645(2),$\AA$,90,°,7.645(2),$\AA$,90,°,204
Ag$_{0.5}$Cr$_{0.5}$PS$_{3}$,5.892(3),$\AA$,90,°,,,monoclinic,6.745(4),$\AA$,90,°,10.632(4),$\AA$,105.88(4),$^\circ$,13
Ag$_{0.5}$Cr$_{0.5}$PS$_{3}$,5.892(3),$\AA$,90,°,,,monoclinic,6.745(4),$\AA$,90,°,10.632(4),$\AA$,105.88(4),$^\circ$,13
F$_{8}$Fe$_{3}$H$_{4}$O$_{2}$,7.609(5),$\AA$,90,°,,,monoclinic,7.453(4),$\AA$,90,°,7.514(6),$\AA$,118.21(3),$^\circ$,12
Ca$_{3}$Mn$_{3}$O$_{8.02}$,5.332(2),$\AA$,90,°,,,orthorhombic,5.455(2),$\AA$,90,°,11.13(4),$\AA$,90,°,28
B$_{2}$F$_{8}$Sr,9.55(1),$\AA$,90,°,,,,13.80(1),$\AA$,90,°,9.23(1),$\AA$,90,°,
Fe$_{4}$Li$_{4.66}$O$_{16}$Sb$_{2}$Sn$_{1.32}$,5.950(2),$\AA$,120,°,,,hexagonal,9.701(4),$\AA$,90,°,5.950(2),$\AA$,90,°,186
Fe$_{2}$Li$_{2.33}$O$_{8}$SbSn$_{0.66}$,3.031(1),$\AA$,90,°,,,orthorhombic,9.798(6),$\AA$,90,°,5.045(2),$\AA$,90,°,62
AlF$_{4}$Tl,3.616(3),$\AA$,90,°,,,tetragonal,6.366(3),$\AA$,90,°,3.616(3),$\AA$,90,°,123
AlF$_{4}$H$_{4}$N,5.078(2),$\AA$,90,°,,,tetragonal,12.715(4),$\AA$,90,°,5.078(2),$\AA$,90,°,120
AlF$_{5}$H$_{2}$ORb$_{2}$,9.604(4),$\AA$,90,°,,,orthorhombic,7.542(2),$\AA$,90,°,8.379(4),$\AA$,90,°,63
Ba$_{2}$CoF$_{9}$Fe,7.486(3),$\AA$,90,°,,,monoclinic,5.687(2),$\AA$,90,°,17.757(6),$\AA$,90.87(10),$^\circ$,14
F$_{5}$FeH$_{4}$HgO$_{2}$,10.711(2),$\AA$,90,°,,,orthorhombic,4.008(1),$\AA$,90,°,6.638(1),$\AA$,90,°,55
BaCr$_{2}$F$_{9}$Na,7.38(2),$\AA$,90,°,,,monoclinic,5.398(1),$\AA$,90,°,17.311(4),$\AA$,91.14(3),$^\circ$,14
BaCr$_{2}$F$_{9}$Na,7.318(2),$\AA$,90,°,,,monoclinic,5.398(1),$\AA$,90,°,17.311(4),$\AA$,91.14(3),$^\circ$,14
BaF$_{9}$Fe$_{2}$Na,7.363(2),$\AA$,90,°,,,monoclinic,5.484(1),$\AA$,90,°,17.527(4),$\AA$,91.50(5),$^\circ$,14
F$_{4}$FeH$_{4}$N,7.559(4),$\AA$,90,°,,,orthorhombic,12.754(8),$\AA$,90,°,7.575(4),$\AA$,90,°,62
AlF$_{4}$K,5.0449(3),$\AA$,90,°,,,tetragonal,6.1592(4),$\AA$,90,°,5.0449(3),$\AA$,90,°,127
AlF$_{4}$K,7.3403(2),$\AA$,90,°,,,monoclinic,6.4070(2),$\AA$,90,°,7.2370(2),$\AA$,106.801(4),$^\circ$,11
F$_{12}$Li$_{3}$Na$_{3}$Ti$_{2}$,12.498(3),$\AA$,90,°,,,cubic,12.498(3),$\AA$,90,°,12.498(3),$\AA$,90,°,230
F$_{12}$Li$_{3}$Na$_{3}$V$_{2}$,12.409(3),$\AA$,90,°,,,cubic,12.409(3),$\AA$,90,°,12.409(3),$\AA$,90,°,230
Cr$_{2}$F$_{12}$Li$_{3}$Na$_{3}$,12.328(2),$\AA$,90,°,,,cubic,12.328(2),$\AA$,90,°,12.328(2),$\AA$,90,°,230
F$_{12}$Fe$_{2}$Li$_{3}$Na$_{3}$,12.393(2),$\AA$,90,°,,,cubic,12.393(2),$\AA$,90,°,12.393(2),$\AA$,90,°,230
Co$_{2}$F$_{12}$Li$_{3}$Na$_{3}$,12.326(2),$\AA$,90,°,,,cubic,12.326(2),$\AA$,90,°,12.326(2),$\AA$,90,°,230
Ba$_{6}$Cu$_{11}$F$_{34}$,7.490(1),$\AA$,70.42(2),$^\circ$,,,triclinic,10.271(3),$\AA$,82.98(2),$^\circ$,10.031(2),$\AA$,73.88(2),$^\circ$,2
BaCuF$_{7}$Fe,10.695(2),$\AA$,90,°,,,monoclinic,5.654(1),$\AA$,90,°,9.932(2),$\AA$,118.53(2),$^\circ$,15
BaCuF$_{7}$Fe,10.695(2),$\AA$,90,°,,,monoclinic,5.654(1),$\AA$,90,°,9.932(2),$\AA$,118.53(2),$^\circ$,9
Ba$_{6}$F$_{26}$Zn$_{7}$,19.46(1),$\AA$,90,°,,,monoclinic,12.243(5),$\AA$,90,°,5.956(2),$\AA$,128.88(1),$^\circ$,12
F$_{5}$FeH$_{4}$Hg$_{2}$O$_{3}$,7.505(1),$\AA$,90,°,,,orthorhombic,3.941(2),$\AA$,90,°,11.823(3),$\AA$,90,°,65
BaF$_{9}$Fe$_{2}$Na,7.3236(3),$\AA$,90,°,,,monoclinic,5.4586(2),$\AA$,90,°,17.4525(7),$\AA$,91.840(3),$^\circ$,14
Ba$_{7}$CuF$_{34}$Fe$_{6}$,16.982(3),$\AA$,90,°,,,monoclinic,7.663(1),$\AA$,90,°,11.372(2),$\AA$,101.47(1),$^\circ$,12
AlF$_{4}$Tl,3.6587,$\AA$,90,°,,,tetragonal,6.4378,$\AA$,90,°,3.6587,$\AA$,90,°,123
AlF$_{4}$Tl,3.6492,$\AA$,90,°,,,tetragonal,6.4137,$\AA$,90,°,3.6492,$\AA$,90,°,123
F$_{5}$FeH$_{4}$Hg$_{2}$O$_{3}$,7.505(1),$\AA$,90,°,,,orthorhombic,3.941(2),$\AA$,90,°,11.823(3),$\AA$,90,°,65
D$_{4}$F$_{6}$FeMnN,10.5276(4),$\AA$,90,°,,,orthorhombic,12.8156(4),$\AA$,90,°,7.7970(2),$\AA$,90,°,30
D$_{4}$F$_{6}$FeMnN,7.7947(3),$\AA$,90,°,,,orthorhombic,10.5244(4),$\AA$,90,°,12.8133(5),$\AA$,90,°,60
Ba$_{6}$F$_{26}$Zn$_{7}$,19.46(1),$\AA$,90,°,,,monoclinic,12.243(5),$\AA$,90,°,5.956(2),$\AA$,128.88(1),$^\circ$,12
F$_{5}$FeH$_{4}$MnO$_{2}$,7.5635(2),$\AA$,90,°,,,orthorhombic,6.7319(2),$\AA$,90,°,10.901(1),$\AA$,90,°,74
F$_{3}$Fe,10.325(2),$\AA$,90,°,,,cubic,10.325(2),$\AA$,90,°,10.325(2),$\AA$,90,°,227
Ag$_{0.5}$In$_{0.5}$PS$_{3}$,6.182(2),$\AA$,120,°,,,trigonal,12.957(2),$\AA$,90,°,6.182(2),$\AA$,90,°,163
F$_{5}$FeH$_{4}$MnO$_{2}$,7.475(1),$\AA$,90,°,,,orthorhombic,6.594(1),$\AA$,90,°,10.766(1),$\AA$,90,°,44
F$_{5}$FeH$_{4}$O$_{2}$Zn,7.451(1),$\AA$,90,°,,,orthorhombic,6.524(1),$\AA$,90,°,10.747(1),$\AA$,90,°,44
Cu$_{3}$F$_{7}$Na,12.124(6),$\AA$,90,°,,,monoclinic,6.924(4),$\AA$,90,°,7.344(4),$\AA$,120.59(4),$^\circ$,15
BaCuFeO$_{5}$Y,3.867,$\AA$,90,°,,,tetragonal,7.656,$\AA$,90,°,3.867,$\AA$,90,°,99
Ba$_{2}$Cu$_{2.5}$O$_{7}$Pd$_{0.5}$Y,3.841(1),$\AA$,90,°,,,orthorhombic,11.671(3),$\AA$,90,°,3.883(1),$\AA$,90,°,47
F$_{5}$FeH$_{10}$N$_{2}$O,10.491(4),$\AA$,90,°,,,orthorhombic,7.997(3),$\AA$,90,°,8.090(3),$\AA$,90,°,60
Al$_{2}$Ca$_{3}$F$_{14}$Na$_{2}$,10.257(1),$\AA$,90,°,,,cubic,10.257(1),$\AA$,90,°,10.257(1),$\AA$,90,°,199
CrF$_{7}$Na$_{2}$Ni,7.183(1),$\AA$,90,°,,,orthorhombic,7.414(1),$\AA$,90,°,10.224(1),$\AA$,90,°,74
AlF$_{3}$,6.931(3),$\AA$,90,°,,,orthorhombic,7.134(2),$\AA$,90,°,12.002(6),$\AA$,90,°,63
F$_{6}$Fe$_{2}$Li,4.679(1),$\AA$,90,°,,,tetragonal,9.324(2),$\AA$,90,°,4.679(1),$\AA$,90,°,102
H$_{4}$O$_{7}$Sb$_{2}$,10.365(2),$\AA$,90,°,,,cubic,10.365(2),$\AA$,90,°,10.365(2),$\AA$,90,°,227
H$_{3}$O$_{7}$SbW,10.281(2),$\AA$,90,°,,,cubic,10.281(2),$\AA$,90,°,10.281(2),$\AA$,90,°,227
BaO$_{5}$PdY$_{2}$,6.523(2),$\AA$,90,°,,,tetragonal,5.831(2),$\AA$,90,°,6.523(2),$\AA$,90,°,127
F$_{6}$FeNb,5.4201(8),$\AA$,120,°,,,trigonal,14.072(2),$\AA$,90,°,5.4201(8),$\AA$,90,°,148
F$_{6}$FeNb,5.3942(7),$\AA$,120,°,,,trigonal,14.1457(23),$\AA$,90,°,5.3942(7),$\AA$,90,°,148
F$_{6}$FeNb,7.793(1),$\AA$,86.138(9),$^\circ$,,,triclinic,7.7435(12),$\AA$,86.585(12),$^\circ$,7.7398(12),$\AA$,87.046(8),$^\circ$,2
F$_{6}$FeNb,7.7994(8),$\AA$,85.687(7),$^\circ$,,,triclinic,7.7206(10),$\AA$,86.483(9),$^\circ$,7.7143(12),$\AA$,86.968(8),$^\circ$,2
F$_{5}$FeH$_{4}$O$_{2}$Zn,7.475(1),$\AA$,90,°,,,orthorhombic,6.594(1),$\AA$,90,°,10.766(1),$\AA$,90,°,74
Ba$_{2}$F$_{18}$Ni$_{7}$,6.937(2),$\AA$,115.86(2),$^\circ$,,,triclinic,7.456(2),$\AA$,94.37(2),$^\circ$,7.229(2),$\AA$,93.16(2),$^\circ$,2
Ba$_{2}$F$_{18}$Ni$_{7}$,6.924(9),$\AA$,115.82(9),$^\circ$,,,triclinic,7.437(13),$\AA$,94.39(12),$^\circ$,7.218(10),$\AA$,93.20(13),$^\circ$,2
La$_{1.9}$NiO$_{3.93}$,3.869(1),$\AA$,90,°,,,tetragonal,12.664(3),$\AA$,90,°,3.869(1),$\AA$,90,°,139
CuLiO$_{4}$V,5.662(1),$\AA$,90,°,,,orthorhombic,8.758(2),$\AA$,90,°,5.809(1),$\AA$,90,°,74
CuF$_{8}$Fe$_{2}$H$_{4}$O$_{2}$,7.541(3),$\AA$,90,°,,,monoclinic,13.027(7),$\AA$,90,°,7.501(3),$\AA$,90.52(4),$^\circ$,15
Cu$_{3}$H$_{2}$O$_{9}$V$_{2}$,7.444(1),$\AA$,90,°,,,monoclinic,7.759(1),$\AA$,90,°,6.658(1),$\AA$,93.57(1),$^\circ$,11
CuH$_{4}$O$_{8}$V$_{2}$,5.617(1),$\AA$,90,°,,,monoclinic,11.333(2),$\AA$,90,°,5.595(1),$\AA$,91.04(1),$^\circ$,13
O$_{8}$TlV$_{3}$,7.780(2),$\AA$,90,°,,,monoclinic,4.993(1),$\AA$,90,°,8.423(3),$\AA$,96.48(2),$^\circ$,11
F$_{4}$Li$_{2}$Ni,8.318(3),$\AA$,90,°,,,cubic,8.318(3),$\AA$,90,°,8.318(3),$\AA$,90,°,227
F$_{7}$FeNa$_{2}$Ni,7.2338(3),$\AA$,90,°,,,orthorhombic,7.4529(3),$\AA$,90,°,10.3050(3),$\AA$,90,°,74
F$_{7}$FeNa$_{2}$Ni,7.203(1),$\AA$,90,°,,,orthorhombic,7.429(1),$\AA$,90,°,10.255(1),$\AA$,90,°,74
F$_{7}$FeNa$_{2}$Ni,7.203(1),$\AA$,90,°,,,orthorhombic,7.429(1),$\AA$,90,°,10.256(1),$\AA$,90,°,74
CoF$_{4}$Li,5.4354(7),$\AA$,90,°,,,monoclinic,5.5392(7),$\AA$,90,°,4.6527(6),$\AA$,114.117(8),$^\circ$,14
CoF$_{4}$Li,5.4296(8),$\AA$,90,°,,,monoclinic,5.5371(4),$\AA$,90,°,4.6462(4),$\AA$,114.244(5),$^\circ$,14
AlF$_{5}$H$_{2}$K$_{2}$O,9.200(3),$\AA$,90,°,,,orthorhombic,7.486(3),$\AA$,90,°,8.119(4),$\AA$,90,°,63
Al$_{2}$ClF$_{25}$Sr$_{10}$,16.4209(3),$\AA$,90,°,,,cubic,16.4209(3),$\AA$,90,°,16.4209(3),$\AA$,90,°,227
Cu$_{0.9}$La$_{2}$Li$_{0.1}$O$_{3.97}$,5.3813(1),$\AA$,90,°,,,orthorhombic,13.1028(1),$\AA$,90,°,5.3192(1),$\AA$,90,°,64
Cu$_{0.85}$La$_{2}$Li$_{0.15}$O$_{3.97}$,5.3617(1),$\AA$,90,°,,,orthorhombic,13.1066(1),$\AA$,90,°,5.3147(1),$\AA$,90,°,64
Cu$_{0.75}$La$_{2}$Li$_{0.25}$O$_{3.98}$,5.3177(1),$\AA$,90,°,,,orthorhombic,13.1218(2),$\AA$,90,°,5.3032(1),$\AA$,90,°,64
Cu$_{0.54}$La$_{2}$Li$_{0.46}$O$_{4}$,5.2636(2),$\AA$,90,°,,,orthorhombic,13.1460(2),$\AA$,90,°,5.2580(2),$\AA$,90,°,65
Cu$_{0.5}$La$_{2}$Li$_{0.5}$O$_{4}$,5.2517(9),$\AA$,90,°,,,orthorhombic,13.1539(3),$\AA$,90,°,5.251(1),$\AA$,90,°,65
BaCr$_{3}$CsF$_{12}$,17.184(4),$\AA$,90,°,,,monoclinic,15.037(5),$\AA$,90,°,9.886(2),$\AA$,124.32(2),$^\circ$,15
Mo$_{10}$O$_{34}$Tl$_{8}$,7.703(5),$\AA$,99.81(5),$^\circ$,,,triclinic,12.216(7),$\AA$,97.68(5),$^\circ$,10.703(7),$\AA$,118.76(5),$^\circ$,2
H$_{32}$Mo$_{10}$N$_{8}$O$_{34}$,7.750(1),$\AA$,99.18(1),$^\circ$,,,triclinic,12.421(1),$\AA$,98.52(1),$^\circ$,11.038(1),$\AA$,119.87(1),$^\circ$,2
F$_{4}$GaK,12.211(7),$\AA$,90,°,,,orthorhombic,7.635(3),$\AA$,90,°,7.496(2),$\AA$,90,°,62
AlF$_{4}$H$_{3.72}$N$_{0.93}$Rb$_{0.07}$,5.0881(2),$\AA$,90,°,,,tetragonal,12.7245(4),$\AA$,90,°,5.0881(2),$\AA$,90,°,140
AlF$_{4}$H$_{3.6}$N$_{0.9}$Rb$_{0.1}$,5.0893(1),$\AA$,90,°,,,tetragonal,12.7177(3),$\AA$,90,°,5.0893(1),$\AA$,90,°,140
AlF$_{4}$H$_{3.88}$N$_{0.97}$Rb$_{0.03}$,5.0569(1),$\AA$,90,°,,,tetragonal,12.7091(3),$\AA$,90,°,5.0569(1),$\AA$,90,°,135
AlF$_{4}$H$_{3.72}$N$_{0.93}$Rb$_{0.07}$,5.0579(1),$\AA$,90,°,,,tetragonal,12.7003(2),$\AA$,90,°,5.0579(1),$\AA$,90,°,140
AlF$_{4}$H$_{3.6}$N$_{0.9}$Rb$_{0.1}$,5.060(1),$\AA$,90,°,,,tetragonal,12.6977(3),$\AA$,90,°,5.060(1),$\AA$,90,°,140
Ba$_{7}$CuF$_{34}$Fe$_{6}$,16.892(4),$\AA$,90,°,,,monoclinic,7.646(2),$\AA$,90,°,11.331(1),$\AA$,101.75(2),$^\circ$,12
H$_{0.6}$Nb$_{0.6}$O$_{3}$W$_{0.4}$,7.5875(2),$\AA$,90,°,,,cubic,7.5875(2),$\AA$,90,°,7.5875(2),$\AA$,90,°,204
La$_{2}$O$_{2}$S$_{2}$,13.215(2),$\AA$,90,°,,,orthorhombic,5.938(1),$\AA$,90,°,5.943(1),$\AA$,90,°,64
CsO$_{8}$PSb$_{2}$,18.165(4),$\AA$,90,°,,,monoclinic,13.677(4),$\AA$,90,°,7.154(2),$\AA$,120.42(1),$^\circ$,12
H$_{8}$Mo$_{4}$N$_{2}$O$_{13}$,7.647(3),$\AA$,90,°,,,orthorhombic,18.994(8),$\AA$,90,°,15.414(7),$\AA$,90,°,61
H$_{8}$Mo$_{4}$N$_{2}$O$_{13}$,8.264(4),$\AA$,109.67(2),$^\circ$,,,triclinic,10.245(5),$\AA$,104.61(2),$^\circ$,8.344(4),$\AA$,106.05(2),$^\circ$,2
Ba$_{2}$CuO$_{8}$PtY$_{2}$,13.207(2),$\AA$,90,°,,,orthorhombic,10.321(2),$\AA$,90,°,5.680(2),$\AA$,90,°,62
Bi$_{2}$CaCu$_{2}$O$_{8}$Sr$_{2}$,5.4054,$\AA$,90,°,,,orthorhombic,30.7152,$\AA$,90,°,5.4016,$\AA$,90,°,66
O$_{8}$P$_{2}$SrZn$_{2}$,8.3232(4),$\AA$,90,°,,,monoclinic,9.0317(4),$\AA$,90,°,9.5101(4),$\AA$,92.293(3),$^\circ$,14
Cs$_{4}$Nb$_{2}$O$_{23}$Si$_{8}$,7.016(2),$\AA$,72.02(2),$^\circ$,,,triclinic,11.066(2),$\AA$,77.16(2),$^\circ$,7.840(2),$\AA$,89.95(2),$^\circ$,2
AlBa$_{3}$F$_{9}$,19.706(2),$\AA$,90,°,,,orthorhombic,15.173(2),$\AA$,90,°,5.599(1),$\AA$,90,°,62
CrF$_{8}$NaSr$_{2}$,7.7388(6),$\AA$,90,°,,,monoclinic,14.827(2),$\AA$,90,°,6.2756(5),$\AA$,112.03(1),$^\circ$,14
NiO$_{3}$Pr,5.4146(1),$\AA$,90,°,,,orthorhombic,7.6199(2),$\AA$,90,°,5.3757(1),$\AA$,90,°,62
NiO$_{3}$Pr,5.4294(1),$\AA$,90,°,,,orthorhombic,7.6362(2),$\AA$,90,°,5.3849(1),$\AA$,90,°,62
NiO$_{3}$Pr,5.4456(1),$\AA$,90,°,,,orthorhombic,7.6520(2),$\AA$,90,°,5.3952(1),$\AA$,90,°,62
NiO$_{3}$Pr,5.4577(1),$\AA$,120,°,,,trigonal,13.1058(3),$\AA$,90,°,5.4577(1),$\AA$,90,°,167
NiO$_{3}$Pr,5.4614(1),$\AA$,120,°,,,trigonal,13.1319(2),$\AA$,90,°,5.4614(1),$\AA$,90,°,167
CrF$_{7}$MnNa$_{2}$,7.421(3),$\AA$,120,°,,,trigonal,18.166(6),$\AA$,90,°,7.421(3),$\AA$,90,°,152
F$_{7}$GaMnNa$_{2}$,7.401(1),$\AA$,120,°,,,trigonal,18.091(2),$\AA$,90,°,7.401(1),$\AA$,90,°,152
BaCu$_{3}$F$_{12}$Na$_{4}$,16.135(2),$\AA$,90,°,,,cubic,16.135(2),$\AA$,90,°,16.135(2),$\AA$,90,°,206
KO$_{5}$SbSi,13.005(1),$\AA$,90,°,,,orthorhombic,10.614(1),$\AA$,90,°,6.4748(6),$\AA$,90,°,33
AlF$_{6}$H$_{6}$KO$_{2}$,8.6472(2),$\AA$,90,°,,,cubic,8.6472(2),$\AA$,90,°,8.6472(2),$\AA$,90,°,205
AlCaF$_{5}$,8.712(3),$\AA$,90,°,,,monoclinic,7.349(3),$\AA$,90,°,6.317(2),$\AA$,115.04(3),$^\circ$,15
NiO$_{3}$Pr,5.4145(3),$\AA$,90,°,,,orthorhombic,7.6206(4),$\AA$,90,°,5.3753(2),$\AA$,90,°,62
NiO$_{3}$Pr,5.4154(1),$\AA$,90,°,,,orthorhombic,7.6192(2),$\AA$,90,°,5.3755(1),$\AA$,90,°,62
NdNiO$_{3}$,5.3888(2),$\AA$,90,°,,,orthorhombic,7.6127(2),$\AA$,90,°,5.3845(1),$\AA$,90,°,62
NiO$_{3}$Sm,5.3283(1),$\AA$,90,°,,,orthorhombic,7.5675(2),$\AA$,90,°,5.4374(1),$\AA$,90,°,62
CrF$_{6}$NaSr,5.5676(3),$\AA$,90,°,,,monoclinic,9.5858(5),$\AA$,90,°,9.2937(7),$\AA$,93.201(6),$^\circ$,14
F$_{6}$FeNaSr,5.4053(3),$\AA$,90,°,,,orthorhombic,10.3823(8),$\AA$,90,°,9.3103(5),$\AA$,90,°,19
LaNiO$_{3}$,5.4535(1),$\AA$,120,°,,,trigonal,13.1010(3),$\AA$,90,°,5.4535(1),$\AA$,90,°,167
LaNiO$_{3}$,5.4535(1),$\AA$,120,°,,,trigonal,13.1014(3),$\AA$,90,°,5.4535(1),$\AA$,90,°,167
LaNiO$_{3}$,5.4536(1),$\AA$,120,°,,,trigonal,13.1062(3),$\AA$,90,°,5.4536(1),$\AA$,90,°,167
LaNiO$_{3}$,5.4573(1),$\AA$,120,°,,,trigonal,13.1462(3),$\AA$,90,°,5.4573(1),$\AA$,90,°,167
NiO$_{3}$Pr,5.4155(1),$\AA$,90,°,,,orthorhombic,7.6164(1),$\AA$,90,°,5.3884(1),$\AA$,90,°,62
NiO$_{3}$Pr,5.4133(1),$\AA$,90,°,,,orthorhombic,7.6227(1),$\AA$,90,°,5.3828(1),$\AA$,90,°,62
NiO$_{3}$Pr,5.4115(1),$\AA$,90,°,,,orthorhombic,7.6163(1),$\AA$,90,°,5.3763(1),$\AA$,90,°,62
NiO$_{3}$Pr,5.4193(1),$\AA$,90,°,,,orthorhombic,7.6263(1),$\AA$,90,°,5.3801(1),$\AA$,90,°,62
NdNiO$_{3}$,5.3824(3),$\AA$,90,°,,,orthorhombic,7.6066(3),$\AA$,90,°,5.3861(2),$\AA$,90,°,62
NdNiO$_{3}$,5.3836(2),$\AA$,90,°,,,orthorhombic,7.6078(3),$\AA$,90,°,5.3863(2),$\AA$,90,°,62
NdNiO$_{3}$,5.3879(4),$\AA$,90,°,,,orthorhombic,7.6058(4),$\AA$,90,°,5.3797(3),$\AA$,90,°,62
NdNiO$_{3}$,5.3891(3),$\AA$,90,°,,,orthorhombic,7.6101(3),$\AA$,90,°,5.3816(2),$\AA$,90,°,62
Ba$_{3}$F$_{12}$O$_{2}$Ta$_{2}$,5.5063(3),$\AA$,90,°,,,tetragonal,21.0295(15),$\AA$,90,°,5.5063(3),$\AA$,90,°,137
Ba$_{2}$C$_{3}$CeFO$_{9}$,13.365(3),$\AA$,90,°,,,monoclinic,6.638(1),$\AA$,90,°,5.097(1),$\AA$,106.45(2),$^\circ$,11
BaCuF$_{2}$O$_{3}$,4.889(1),$\AA$,90,°,,,orthorhombic,9.588(3),$\AA$,90,°,8.539(3),$\AA$,90,°,63
F$_{2}$Ga$_{4}$H$_{6}$O$_{16}$P$_{3}$,13.455(1),$\AA$,90,°,,,tetragonal,18.902(1),$\AA$,90,°,13.455(1),$\AA$,90,°,88
Ba$_{10}$Cu$_{12}$F$_{47}$Fe,15.447(5),$\AA$,90,°,,,monoclinic,11.809(2),$\AA$,90,°,11.638(8),$\AA$,109.92(2),$^\circ$,12
Ba$_{4}$F$_{12}$Nb$_{2}$O$_{3}$,22.672(2),$\AA$,90,°,,,monoclinic,14.996(1),$\AA$,90,°,13.075(1),$\AA$,114.234(5),$^\circ$,15
F$_{5}$FeK$_{2}$,7.3591(4),$\AA$,90,°,,,orthorhombic,5.7054(2),$\AA$,90,°,23.0897(10),$\AA$,90,°,55
F$_{12}$In$_{2}$Li$_{4}$Zn,4.7496(5),$\AA$,90,°,,,orthorhombic,5.0617(6),$\AA$,90,°,17.606(2),$\AA$,90,°,60
Bi$_{0.5}$O$_{7}$P$_{2}$Ta$_{0.5}$,8.253(2),$\AA$,90,°,,,cubic,8.253(2),$\AA$,90,°,8.253(2),$\AA$,90,°,205
O$_{7}$P$_{1.901}$Ta$_{0.899}$,8.109(1),$\AA$,90,°,,,cubic,8.109(1),$\AA$,90,°,8.109(1),$\AA$,90,°,205
AlBa$_{3}$F$_{9}$,10.063(9),$\AA$,90,°,,,orthorhombic,14.88(1),$\AA$,90,°,5.567(6),$\AA$,90,°,62
Ba$_{2}$F$_{3}$O$_{6}$Y,9.458(3),$\AA$,90,°,,,orthorhombic,11.787(4),$\AA$,90,°,6.966(2),$\AA$,90,°,60
Ba$_{2}$F$_{3}$GdO$_{6}$,9.513(1),$\AA$,90,°,,,orthorhombic,11.864(4),$\AA$,90,°,6.978(1),$\AA$,90,°,60
BaF$_{4}$OTi,5.1719(2),$\AA$,90,°,,,orthorhombic,5.5178(2),$\AA$,90,°,13.7555(7),$\AA$,90,°,57
Li$_{2}$O$_{7}$P$_{2}$Pd,12.5858(9),$\AA$,90,°,,,orthorhombic,5.8116(4),$\AA$,90,°,7.4955(5),$\AA$,90,°,74
Li$_{2}$O$_{6}$TeTi,5.0743(2),$\AA$,90,°,,,orthorhombic,8.4083(4),$\AA$,90,°,4.9067(2),$\AA$,90,°,34
H$_{1.68}$Li$_{0.32}$O$_{6}$TeTi,5.0098(5),$\AA$,90,°,,,orthorhombic,8.6118(6),$\AA$,90,°,4.7020(3),$\AA$,90,°,58
H$_{1.68}$Li$_{0.32}$O$_{6}$TeTi,4.6861(1),$\AA$,90,°,,,tetragonal,8.8707(3),$\AA$,90,°,4.6861(1),$\AA$,90,°,102
Na$_{2}$O$_{7}$P$_{2}$Pd,14.693(3),$\AA$,90,°,,,monoclinic,7.922(2),$\AA$,90,°,5.8551(4),$\AA$,114.11(2),$^\circ$,15
Ba$_{3}$Cr$_{4}$F$_{20}$Na$_{2}$,7.262(4),$\AA$,90,°,,,monoclinic,5.431(2),$\AA$,90,°,20.668(8),$\AA$,90.76(1),$^\circ$,14
K$_{2}$Nb$_{2}$O$_{14}$Si$_{4}$,8.7404(8),$\AA$,90,°,,,tetragonal,8.136(1),$\AA$,90,°,8.7404(8),$\AA$,90,°,100
Cr$_{5}$F$_{26}$Na$_{3}$Sr$_{4}$,19.959(2),$\AA$,90,°,,,monoclinic,29.291(6),$\AA$,90,°,7.450(1),$\AA$,111.244(9),$^\circ$,15
Ba$_{2}$F$_{6}$OTi,11.446(2),$\AA$,90,°,,,monoclinic,7.252(2),$\AA$,90,°,9.304(2),$\AA$,126.67(2),$^\circ$,9
BaF$_{5.5}$H$_{1.5}$NbO$_{1.5}$,9.9259(5),$\AA$,90,°,,,cubic,9.9259(5),$\AA$,90,°,9.9259(5),$\AA$,90,°,205
C$_{4}$FLa$_{2}$Na$_{3}$O$_{12}$,5.083(1),$\AA$,120,°,,,hexagonal,23.034(5),$\AA$,90,°,5.083(1),$\AA$,90,°,194
CrH$_{12}$N$_{4}$O$_{4}$Pd,7.3177(11),$\AA$,90,°,,,tetragonal,15.289(3),$\AA$,90,°,7.3177(11),$\AA$,90,°,141
Ba$_{3}$F$_{8}$O$_{4}$V$_{2}$,9.945(4),$\AA$,90,°,,,orthorhombic,9.673(1),$\AA$,90,°,10.277(1),$\AA$,90,°,58
Cu$_{3}$Fe$_{4}$O$_{24}$V$_{6}$,6.600(3),$\AA$,102.28(2),$^\circ$,,,triclinic,9.759(5),$\AA$,106.08(3),$^\circ$,8.048(4),$\AA$,103.72(3),$^\circ$,2
Nd$_{4}$Ni$_{3}$O$_{8}$,3.9171(1),$\AA$,90,°,,,tetragonal,25.307(1),$\AA$,90,°,3.9171(1),$\AA$,90,°,139
AlF$_{5}$Mn,3.5837(4),$\AA$,90,°,,,orthorhombic,9.537(1),$\AA$,90,°,9.854(1),$\AA$,90,°,63
F$_{0.5}$GaH$_{4.43}$N$_{0.93}$O$_{4.57}$P,9.593(2),$\AA$,90,°,,,orthorhombic,9.981(2),$\AA$,90,°,9.742(2),$\AA$,90,°,19
AlF$_{0.675}$H$_{4.205}$N$_{0.88}$O$_{4.445}$P,9.416(8),$\AA$,90,°,,,orthorhombic,9.933(4),$\AA$,90,°,9.563(5),$\AA$,90,°,19
F$_{0.45}$Fe$_{1.21}$H$_{0.92}$O$_{4.55}$P,5.184(1),$\AA$,90,°,,,tetragonal,13.040(5),$\AA$,90,°,5.184(1),$\AA$,90,°,141
Ba$_{3}$F$_{12}$H$_{4}$Nb$_{2}$O$_{4}$,22.633(3),$\AA$,90,°,,,orthorhombic,7.748(1),$\AA$,90,°,7.804(1),$\AA$,90,°,36
Ba$_{5}$F$_{20}$HNb$_{3}$O$_{3}$,11.935(1),$\AA$,120,°,,,hexagonal,7.852(1),$\AA$,90,°,11.935(1),$\AA$,90,°,176
Cu$_{6}$Fe$_{0.9}$O$_{19}$V$_{6}$,12.9399(8),$\AA$,120,°,,,trigonal,7.1275(3),$\AA$,90,°,12.9399(8),$\AA$,90,°,148
CrCuP$_{2}$S$_{6}$,5.935(6),$\AA$,90,°,,,monoclinic,13.368(13),$\AA$,90,°,10.282(2),$\AA$,106.78(7),$^\circ$,7
H$_{12}$MoN$_{4}$O$_{4}$Pd,7.4618(4),$\AA$,90,°,,,tetragonal,15.5565(10),$\AA$,90,°,7.4618(4),$\AA$,90,°,141
Ca$_{0.5}$Cu$_{2}$Hg$_{0.4}$O$_{7}$Pr$_{1.1}$Sr$_{2}$,3.8463(4),$\AA$,90,°,,,orthorhombic,12.154(1),$\AA$,90,°,3.8018(4),$\AA$,90,°,47
BaF$_{4}$OV,7.920(1),$\AA$,90,°,,,orthorhombic,7.375(1),$\AA$,90,°,27.60799(200),$\AA$,90,°,43
FFeH$_{4}$NO$_{4}$P,12.993(3),$\AA$,90,°,,,orthorhombic,10.640(3),$\AA$,90,°,6.468(1),$\AA$,90,°,33
F$_{32}$Fe$_{7}$Na$_{7}$Sr$_{2}$,10.372(3),$\AA$,90,°,,,orthorhombic,44.98(2),$\AA$,90,°,10.805(3),$\AA$,90,°,70
Ba$_{3}$F$_{7}$O$_{3}$Sc,11.519(3),$\AA$,90,°,,,orthorhombic,5.974(1),$\AA$,90,°,13.456(3),$\AA$,90,°,63
EuF$_{3}$Na$_{2}$O$_{3}$,6.596(4),$\AA$,90,°,,,orthorhombic,14.09(1),$\AA$,90,°,10.774(4),$\AA$,90,°,61
AlF$_{5}$Fe,7.4289(8),$\AA$,90,°,,,orthorhombic,3.5574(6),$\AA$,90,°,6.203(1),$\AA$,90,°,71
CuF$_{4}$H$_{9}$NbO$_{6}$,5.590(1),$\AA$,90,°,,,monoclinic,7.544(1),$\AA$,90,°,9.978(4),$\AA$,103.36(1),$^\circ$,14
F$_{7}$Li$_{3}$Th,6.20960(8),$\AA$,90,°,,,tetragonal,12.9628(2),$\AA$,90,°,6.20960(8),$\AA$,90,°,130
F$_{7}$Li$_{3}$Th,6.21785(6),$\AA$,90,°,,,tetragonal,12.9836(2),$\AA$,90,°,6.21785(6),$\AA$,90,°,130
F$_{7}$Li$_{3}$Th,6.23010(7),$\AA$,90,°,,,tetragonal,13.0153(2),$\AA$,90,°,6.23010(7),$\AA$,90,°,130
F$_{7}$Li$_{3}$Th,6.24774(8),$\AA$,90,°,,,tetragonal,13.0604(2),$\AA$,90,°,6.24774(8),$\AA$,90,°,130
Ba$_{3}$Cu$_{2}$HgO$_{10}$SrTl$_{2}$,3.8289(1),$\AA$,90,°,,,tetragonal,41.75699(100),$\AA$,90,°,3.8289(1),$\AA$,90,°,139
Cs$_{3}$F$_{9}$Ga$_{2}$,10.945(2),$\AA$,120,°,,,hexagonal,14.756(4),$\AA$,90,°,10.945(2),$\AA$,90,°,185
H$_{45}$Mo$_{7}$N$_{15}$O$_{24}$Pd$_{3}$,10.658(1),$\AA$,90,°,,,monoclinic,17.55099(200),$\AA$,90,°,20.62799(200),$\AA$,113.038(7),$^\circ$,14
CCuFKO$_{3}$,3.972(1),$\AA$,90,°,,,orthorhombic,9.005(5),$\AA$,90,°,5.038(2),$\AA$,90,°,26
F$_{2}$NaO$_{2}$V,6.399(1),$\AA$,90,°,,,monoclinic,7.220(2),$\AA$,90,°,3.590(1),$\AA$,110.29(1),$^\circ$,4
Ba$_{7}$F$_{26.7}$Fe$_{6}$H$_{9.3}$O$_{7.3}$,17.036(2),$\AA$,90,°,,,monoclinic,7.620(2),$\AA$,90,°,11.489(1),$\AA$,101.48(1),$^\circ$,12
Ba$_{7}$F$_{32}$Fe$_{6}$H$_{4}$O$_{2}$,17.02299(100),$\AA$,90,°,,,monoclinic,7.624(1),$\AA$,90,°,11.482(1),$\AA$,101.13(1),$^\circ$,12
F$_{24}$Fe$_{3}$Pb$_{8}$,20.118(3),$\AA$,89.38(2),$^\circ$,,,triclinic,9.440(2),$\AA$,89.75(2),$^\circ$,5.597(1),$\AA$,105.79(2),$^\circ$,2
Ga$_{2}$H$_{9}$NO$_{11}$P$_{2}$,9.689(1),$\AA$,90,°,,,monoclinic,9.788(1),$\AA$,90,°,9.703(1),$\AA$,102.78(2),$^\circ$,14
Cu$_{0.975}$InP$_{2}$S$_{6}$,6.0956(4),$\AA$,90,°,,,monoclinic,13.6230(8),$\AA$,90,°,10.5645(6),$\AA$,107.101(3),$^\circ$,9
CaO$_{4}$Tl$_{2}$,3.3255(1),$\AA$,90,°,,,orthorhombic,10.479(1),$\AA$,90,°,11.022(1),$\AA$,90,°,63
Ca$_{1.88}$O$_{5}$Tl$_{2.12}$,3.3431(1),$\AA$,90,°,,,orthorhombic,13.499(1),$\AA$,90,°,11.159(1),$\AA$,90,°,63
Nb$_{2}$O$_{6.07}$Tl$_{2}$,10.6829(2),$\AA$,90,°,,,cubic,10.6829(2),$\AA$,90,°,10.6829(2),$\AA$,90,°,227
Nb$_{2}$O$_{6.271}$Tl$_{2}$,10.6418(2),$\AA$,90,°,,,cubic,10.6418(2),$\AA$,90,°,10.6418(2),$\AA$,90,°,227
Nb$_{2}$O$_{6.43}$Tl$_{2}$,10.6399(2),$\AA$,90,°,,,cubic,10.6399(2),$\AA$,90,°,10.6399(2),$\AA$,90,°,227
Nb$_{2}$O$_{6.49}$Tl$_{2}$,10.6397(2),$\AA$,90,°,,,cubic,10.6397(2),$\AA$,90,°,10.6397(2),$\AA$,90,°,227
Nb$_{2}$O$_{6.588}$Tl$_{2}$,10.6370(2),$\AA$,90,°,,,cubic,10.6370(2),$\AA$,90,°,10.6370(2),$\AA$,90,°,227
Nb$_{2}$O$_{6.648}$Tl$_{2}$,10.6313(2),$\AA$,90,°,,,cubic,10.6313(2),$\AA$,90,°,10.6313(2),$\AA$,90,°,227
Nb$_{2}$O$_{7}$Tl$_{2}$,10.6220(2),$\AA$,90,°,,,cubic,10.6220(2),$\AA$,90,°,10.6220(2),$\AA$,90,°,227
Ca$_{2.8}$O$_{6}$Tl$_{2.2}$,11.248(2),$\AA$,90,°,,,orthorhombic,3.3329(3),$\AA$,90,°,16.51299(200),$\AA$,90,°,55
Ba$_{2}$ClF$_{7}$Zn$_{2}$,7.700(2),$\AA$,90,°,,,monoclinic,8.939(2),$\AA$,90,°,5.801(2),$\AA$,106.85(2),$^\circ$,11
Ba$_{2}$ClCo$_{2}$F$_{7}$,7.692(3),$\AA$,90,°,,,monoclinic,8.945(2),$\AA$,90,°,5.783(2),$\AA$,106.88(2),$^\circ$,11
Ba$_{2}$ClF$_{7}$MnNi,7.766(3),$\AA$,90,°,,,monoclinic,8.932(4),$\AA$,90,°,5.844(1),$\AA$,106.64(1),$^\circ$,11
Ca$_{4}$O$_{9}$Tl$_{2}$,4.77944(4),$\AA$,90,°,,,tetragonal,18.21109(20),$\AA$,90,°,4.77944(4),$\AA$,90,°,139
Ba$_{3}$F$_{9}$OTa,5.9422(5),$\AA$,90,°,,,orthorhombic,5.9590(5),$\AA$,90,°,26.39499(300),$\AA$,90,°,63
BaCuF$_{2}$O$_{3}$,4.8866(6),$\AA$,90,°,,,orthorhombic,9.582(1),$\AA$,90,°,8.531(1),$\AA$,90,°,57
F$_{2}$GdKO$_{3}$,7.006(2),$\AA$,90,°,,,orthorhombic,21.86499(600),$\AA$,90,°,11.181(3),$\AA$,90,°,70
O$_{8}$W$_{2}$Zr,9.1546(2),$\AA$,90,°,,,cubic,9.1546(2),$\AA$,90,°,9.1546(2),$\AA$,90,°,198
Ba$_{5}$ClCu$_{4}$F$_{17}$,10.731(1),$\AA$,120,°,,,hexagonal,12.803(2),$\AA$,90,°,10.731(1),$\AA$,90,°,189
Al$_{6}$F$_{34}$Na$_{2}$Sr$_{7}$,16.07199(300),$\AA$,90,°,,,monoclinic,7.258(1),$\AA$,90,°,10.822(1),$\AA$,101.23(1),$^\circ$,12
Ba$_{7}$F$_{16}$Ga$_{6}$H$_{20}$O$_{18}$,16.90799(200),$\AA$,90,°,,,monoclinic,7.542(1),$\AA$,90,°,11.406(1),$\AA$,101.28(1),$^\circ$,12
F$_{34}$Fe$_{6}$Na$_{1.96}$Sr$_{6.04}$Zn,16.16699(300),$\AA$,90,°,,,monoclinic,15.090(2),$\AA$,90,°,11.013(1),$\AA$,101.72(1),$^\circ$,15
HNbO$_{3}$,7.645(2),$\AA$,90,°,,,cubic,7.645(2),$\AA$,90,°,7.645(2),$\AA$,90,°,204
F$_{5}$Fe$_{2}$H$_{4}$O$_{2}$,7.477(1),$\AA$,90,°,,,orthorhombic,6.652(1),$\AA$,90,°,10.862(2),$\AA$,90,°,74
Ba$_{2}$CuF$_{12}$V$_{2}$,5.365(1),$\AA$,73.19(2),$^\circ$,,,triclinic,7.433(1),$\AA$,65.05(1),$^\circ$,6.950(1),$\AA$,70.26(2),$^\circ$,2
F$_{5}$Fe$_{2}$H$_{4}$O$_{2}$,7.472(1),$\AA$,90,°,,,orthorhombic,6.606(2),$\AA$,90,°,10.928(1),$\AA$,90,°,74
F$_{5}$Fe$_{2}$H$_{4}$O$_{2}$,7.469(1),$\AA$,90,°,,,orthorhombic,6.602(2),$\AA$,90,°,10.927(1),$\AA$,90,°,74
F$_{5}$Fe$_{2}$H$_{4}$O$_{2}$,7.470(1),$\AA$,90,°,,,orthorhombic,6.603(1),$\AA$,90,°,10.930(1),$\AA$,90,°,74
AlF$_{4}$Tl,5.1418(1),$\AA$,90,°,,,tetragonal,12.8070(2),$\AA$,90,°,5.1418(1),$\AA$,90,°,140
AlF$_{4}$Tl,5.1376(2),$\AA$,90,°,,,monoclinic,12.7822(3),$\AA$,90,°,5.1301(1),$\AA$,90.119(2),$^\circ$,15
AlF$_{4}$Tl,5.1138(2),$\AA$,90,°,,,monoclinic,12.6878(6),$\AA$,90,°,5.0912(2),$\AA$,90.289(7),$^\circ$,15
AlF$_{4}$Tl,5.1010(3),$\AA$,90,°,,,monoclinic,12.6324(7),$\AA$,90,°,5.0745(3),$\AA$,90.355(8),$^\circ$,15
Ba$_{2}$Cu$_{5}$F$_{14}$,18.170(2),$\AA$,90,°,,,monoclinic,10.328(1),$\AA$,90,°,6.652(1),$\AA$,117.10(1),$^\circ$,15
AlF$_{5}$H$_{16}$N$_{6}$O$_{2}$,20.04999(1000),$\AA$,90,°,,,orthorhombic,7.834(5),$\AA$,90,°,7.291(5),$\AA$,90,°,62
C$_{3}$F$_{6}$FeH$_{18}$N$_{9}$,14.130(5),$\AA$,90,°,,,cubic,14.130(5),$\AA$,90,°,14.130(5),$\AA$,90,°,205
La$_{2}$NiO$_{4}$,5.468(2),$\AA$,90,°,,,orthorhombic,12.547(3),$\AA$,90,°,5.535(2),$\AA$,90,°,50
Ba$_{2}$Cu$_{2.2}$Hg$_{1.5}$O$_{8}$Pr$_{1.3}$,3.9236(1),$\AA$,90,°,,,tetragonal,28.993(1),$\AA$,90,°,3.9236(1),$\AA$,90,°,139
Ca$_{3.06}$O$_{9}$Tl$_{3.94}$,11.118(3),$\AA$,90,°,,,monoclinic,12.287(3),$\AA$,90,°,3.341(1),$\AA$,102.88(2),$^\circ$,12
AlCaF$_{6}$Na,8.9295(9),$\AA$,120,°,,,trigonal,5.0642(2),$\AA$,90,°,8.9295(9),$\AA$,90,°,150
Al$_{7}$Ca$_{4}$F$_{33}$Na$_{4.032}$,10.781(3),$\AA$,90,°,,,cubic,10.781(3),$\AA$,90,°,10.781(3),$\AA$,90,°,229
AlCdF$_{6}$Na,12.506(1),$\AA$,90,°,,,orthorhombic,9.902(1),$\AA$,90,°,3.6406(6),$\AA$,90,°,62
Cr$_{2}$F$_{5}$,7.7526(1),$\AA$,90,°,,,monoclinic,7.4477(1),$\AA$,90,°,7.5228(1),$\AA$,124.081(1),$^\circ$,15
BaF$_{4}$Zn,4.1974(6),$\AA$,90,°,,,orthorhombic,5.8391(8),$\AA$,90,°,14.546(3),$\AA$,90,°,36
BaF$_{4}$Zn,4.1843(12),$\AA$,90,°,,,orthorhombic,5.8253(15),$\AA$,90,°,14.496(4),$\AA$,90,°,36
Cs$_{2}$O$_{15}$Si$_{6}$Zr,26.60999(1000),$\AA$,90,°,,,monoclinic,11.602(4),$\AA$,90,°,7.506(2),$\AA$,107.43(2),$^\circ$,12
F$_{34}$Fe$_{7}$Pb$_{7}$,16.375(2),$\AA$,90,°,,,monoclinic,7.615(1),$\AA$,90,°,11.233(2),$\AA$,102.67(1),$^\circ$,12
CsF$_{5}$Pd$_{2}$,6.473(2),$\AA$,90,°,,,orthorhombic,10.718(3),$\AA$,90,°,7.853(5),$\AA$,90,°,74
Cu$_{4}$Fe$_{1.12}$H$_{2}$O$_{19.6}$Pb$_{2.88}$V$_{4}$,7.525(7),$\AA$,90,°,,,orthorhombic,9.640(5),$\AA$,90,°,5.900(3),$\AA$,90,°,62
Bi$_{2}$O$_{11}$Te$_{4}$,6.9909(3),$\AA$,90,°,,,monoclinic,18.89629(80),$\AA$,90,°,7.9593(3),$\AA$,95.176(3),$^\circ$,14
Ba$_{0.86}$Ca$_{2}$In$_{6}$O$_{12}$,9.8880(1),$\AA$,120,°,,,hexagonal,3.2170(1),$\AA$,90,°,9.8880(1),$\AA$,90,°,176
Ba$_{0.83}$Ca$_{2.1}$In$_{6}$O$_{12}$,9.8880(1),$\AA$,120,°,,,trigonal,3.2170(1),$\AA$,90,°,9.8880(1),$\AA$,90,°,143
F$_{2}$FeO$_{4}$PSr,5.207(1),$\AA$,90,°,,,monoclinic,7.037(1),$\AA$,90,°,12.216(1),$\AA$,103.00(2),$^\circ$,14
Fe$_{2}$O$_{13}$V$_{4}$,8.3125(3),$\AA$,90,°,,,monoclinic,14.5768(6),$\AA$,90,°,9.4055(4),$\AA$,102.231(2),$^\circ$,14
FeLiO$_{4}$Sn,3.066(1),$\AA$,90,°,,,orthorhombic,9.874(2),$\AA$,90,°,5.066(1),$\AA$,90,°,62
Fe$_{0.75}$Li$_{1.417}$O$_{4}$Sn$_{1.083}$,3.074(1),$\AA$,90,°,,,orthorhombic,9.881(3),$\AA$,90,°,5.116(5),$\AA$,90,°,62
FeLiO$_{4}$Sn,6.012(1),$\AA$,120,°,,,hexagonal,9.776(2),$\AA$,90,°,6.012(1),$\AA$,90,°,186
Fe$_{2}$H$_{9}$NO$_{11}$P$_{2}$,9.8232(6),$\AA$,90,°,,,monoclinic,9.8716(8),$\AA$,90,°,9.7376(8),$\AA$,102.803(8),$^\circ$,14
La$_{0.597}$Li$_{0.21}$O$_{3}$Ti,3.8714(1),$\AA$,90,°,,,tetragonal,7.7789(3),$\AA$,90,°,3.8714(1),$\AA$,90,°,123
La$_{0.557}$Li$_{0.33}$O$_{3}$Ti,3.8741(1),$\AA$,90,°,,,tetragonal,7.7459(5),$\AA$,90,°,3.8741(1),$\AA$,90,°,123
La$_{0.587}$Li$_{0.24}$O$_{3}$Ti,3.87,$\AA$,90,°,,,tetragonal,7.78,$\AA$,90,°,3.87,$\AA$,90,°,123
F$_{4}$FeRb,7.6651(13),$\AA$,90,°,,,orthorhombic,6.2789(6),$\AA$,90,°,7.6316(15),$\AA$,90,°,57
Ba$_{2}$CaH$_{6}$O$_{16}$P$_{4}$,12.3872(2),$\AA$,90,°,,,monoclinic,5.4946(1),$\AA$,90,°,10.2046(1),$\AA$,100.767(1),$^\circ$,14
F$_{10}$Fe$_{2}$H$_{2}$OSr$_{2}$,7.848(2),$\AA$,90,°,,,orthorhombic,10.773(3),$\AA$,90,°,19.86699(400),$\AA$,90,°,64
Al$_{2}$O$_{3}$,4.8437(2),$\AA$,90,°,,,orthorhombic,8.9547(4),$\AA$,90,°,8.3300(3),$\AA$,90,°,33
F$_{10}$H$_{5}$O$_{2}$Yb$_{3}$,15.326(1),$\AA$,90,°,,,cubic,15.326(1),$\AA$,90,°,15.326(1),$\AA$,90,°,227
F$_{10}$H$_{2}$KOYb$_{3}$,15.339(1),$\AA$,90,°,,,cubic,15.339(1),$\AA$,90,°,15.339(1),$\AA$,90,°,227
F$_{5}$FeH$_{8}$N$_{2}$,6.3385(3),$\AA$,90,°,,,orthorhombic,11.0298(4),$\AA$,90,°,7.6191(2),$\AA$,90,°,62
F$_{5}$FeH$_{8}$N$_{2}$,6.3269(5),$\AA$,90,°,,,orthorhombic,10.9802(9),$\AA$,90,°,7.6076(2),$\AA$,90,°,62
Ba$_{2}$ClF$_{7}$Ni$_{2}$,7.602(1),$\AA$,90,°,,,monoclinic,8.788(1),$\AA$,90,°,5.766(1),$\AA$,106.72(1),$^\circ$,11
Ba$_{2}$ClF$_{7}$MnNi,7.746(1),$\AA$,90,°,,,monoclinic,8.898(1),$\AA$,90,°,5.820(1),$\AA$,106.63(1),$^\circ$,11
Ba$_{2}$ClCoF$_{7}$Fe,7.749(1),$\AA$,90,°,,,monoclinic,8.950(1),$\AA$,90,°,5.771(1),$\AA$,106.80(1),$^\circ$,11
C$_{3}$EuNa$_{3}$O$_{9}$,9.942(2),$\AA$,90,°,,,orthorhombic,7.147(2),$\AA$,90,°,11.024(3),$\AA$,90,°,40
Ba$_{4}$F$_{13}$H$_{5}$Mo$_{2}$O$_{6}$,16.49699(100),$\AA$,90,°,,,orthorhombic,11.5174(6),$\AA$,90,°,8.6939(5),$\AA$,90,°,58
F$_{5}$FeH$_{4}$O$_{2}$Zn,7.475(1),$\AA$,90,°,,,orthorhombic,6.594(1),$\AA$,90,°,10.766(1),$\AA$,90,°,74
AlF$_{4}$Rb,3.6586(1),$\AA$,90,°,,,tetragonal,6.3061(1),$\AA$,90,°,3.6586(1),$\AA$,90,°,123
AlF$_{4}$Rb,5.1375(1),$\AA$,90,°,,,tetragonal,6.2912(1),$\AA$,90,°,5.1375(1),$\AA$,90,°,127
AlF$_{4}$Rb,5.1227(1),$\AA$,90,°,,,tetragonal,6.2815(2),$\AA$,90,°,5.1227(1),$\AA$,90,°,127
AlF$_{4}$Rb,7.2285(2),$\AA$,90,°,,,orthorhombic,6.2624(1),$\AA$,90,°,7.2252(2),$\AA$,90,°,59
AlF$_{4}$Rb,7.2124(2),$\AA$,90,°,,,orthorhombic,6.2396(1),$\AA$,90,°,7.2073(2),$\AA$,90,°,59
F$_{2}$Ga$_{3}$H$_{10.5}$N$_{1.5}$O$_{12.5}$P$_{3}$,8.674(1),$\AA$,90,°,,,monoclinic,16.82599(300),$\AA$,90,°,10.190(2),$\AA$,94.21(2),$^\circ$,14
Al$_{2}$Ca$_{4}$H$_{22}$O$_{20}$,5.7747(14),$\AA$,81.43(2),$^\circ$,,,triclinic,9.923(3),$\AA$,64.77(2),$^\circ$,8.4689(11),$\AA$,82.75(2),$^\circ$,1
Cr$_{0.5}$Cu$_{0.5}$PS$_{3}$,5.916(1),$\AA$,90,°,,,monoclinic,13.415(5),$\AA$,90,°,10.246(2),$\AA$,107.09(3),$^\circ$,15
Cr$_{5}$Cs$_{4}$F$_{18.24}$,7.2,$\AA$,120,°,,,trigonal,10.679,$\AA$,90,°,7.2,$\AA$,90,°,164
CoCr$_{4}$Cs$_{4}$F$_{18.24}$,7.203,$\AA$,120,°,,,trigonal,10.761,$\AA$,90,°,7.203,$\AA$,90,°,164
CLa$_{2}$O$_{5}$,4.0755(6),$\AA$,120,°,,,hexagonal,15.957(1),$\AA$,90,°,4.0755(6),$\AA$,90,°,194
C$_{0.85}$La$_{2}$O$_{4.85}$,4.0852(4),$\AA$,120,°,,,hexagonal,16.2211(6),$\AA$,90,°,4.0852(4),$\AA$,90,°,194
C$_{0.74}$La$_{2}$Li$_{0.52}$O$_{4.74}$,4.0580(1),$\AA$,120,°,,,hexagonal,16.22189(10),$\AA$,90,°,4.0580(1),$\AA$,90,°,194
F$_{6}$FeH$_{12}$O$_{6}$Sn,9.826(2),$\AA$,120,°,,,trigonal,10.106(2),$\AA$,90,°,9.826(2),$\AA$,90,°,148
AlF$_{3}$,4.9305(6),$\AA$,120,°,,,trigonal,12.4462(7),$\AA$,90,°,4.9305(6),$\AA$,90,°,167
F$_{3}$V,5.168(2),$\AA$,120,°,,,trigonal,13.438(5),$\AA$,90,°,5.168(2),$\AA$,90,°,167
Cs$_{8}$Nb$_{10}$O$_{41}$Si$_{6}$,7.342(1),$\AA$,120,°,,,hexagonal,22.16599(300),$\AA$,90,°,7.342(1),$\AA$,90,°,194
BaCFO$_{6}$Sm,5.016(1),$\AA$,120,°,,,trigonal,37.94398(600),$\AA$,90,°,5.016(1),$\AA$,90,°,166
Ba$_{3}$C$_{5}$F$_{2}$La$_{2}$O$_{15}$,21.47198(600),$\AA$,90,°,,,monoclinic,13.325(3),$\AA$,90,°,5.098(2),$\AA$,94.96(3),$^\circ$,12
H$_{2}$Na$_{5}$O$_{15}$P$_{3}$V$_{2}$,6.3089(4),$\AA$,90,°,,,monoclinic,5.1172(5),$\AA$,90,°,20.10379(80),$\AA$,91.134(6),$^\circ$,8
BaF$_{8}$Y$_{2}$,6.9829(5),$\AA$,90,°,,,monoclinic,4.2644(4),$\AA$,90,°,10.519(1),$\AA$,99.676(8),$^\circ$,12
F$_{4}$Gd$_{2}$K$_{4}$O$_{9}$,9.0268(3),$\AA$,120,°,,,trigonal,13.684(2),$\AA$,90,°,9.0268(3),$\AA$,90,°,155
F$_{3}$GaH$_{0.07}$O$_{0.07}$,7.210(1),$\AA$,90,°,,,orthorhombic,7.333(1),$\AA$,90,°,12.398(2),$\AA$,90,°,63
F$_{3}$Fe,5.362(1),$\AA$,57.94(2),$^\circ$,,,trigonal,5.362(1),$\AA$,57.94(2),$^\circ$,5.362(1),$\AA$,57.94(2),$^\circ$,167
Ba$_{2}$C$_{3}$CeFO$_{9}$,13.365(3),$\AA$,90,°,,,monoclinic,6.638(1),$\AA$,90,°,5.097(1),$\AA$,106.45(2),$^\circ$,11
AlF$_{5}$H$_{2}$K$_{2}$O,6.133(3),$\AA$,90,°,,,monoclinic,6.142(3),$\AA$,90,°,7.475(4),$\AA$,97.17(2),$^\circ$,11
AlF$_{5}$K$_{2}$,5.965(1),$\AA$,90,°,,,tetragonal,3.699(1),$\AA$,90,°,5.965(1),$\AA$,90,°,123
H$_{8}$N$_{2}$O$_{8}$P$_{0.96}$V$_{2.04}$,8.629(2),$\AA$,90,°,,,tetragonal,5.648(4),$\AA$,90,°,8.629(2),$\AA$,90,°,75
BaF$_{5}$FeH$_{2}$O,10.314(5),$\AA$,90,°,,,orthorhombic,13.463(7),$\AA$,90,°,7.317(4),$\AA$,90,°,60
La$_{2}$O$_{5}$Pd$_{2}$,6.703(2),$\AA$,90,°,,,tetragonal,5.630(2),$\AA$,90,°,6.703(2),$\AA$,90,°,84
La$_{2}$O$_{4}$Pd,4.055,$\AA$,90,°,,,tetragonal,12.62,$\AA$,90,°,4.055,$\AA$,90,°,139
La$_{4}$O$_{7}$Pd,13.469(1),$\AA$,90,°,,,monoclinic,9.448(1),$\AA$,90,°,4.0262(1),$\AA$,133.42(1),$^\circ$,12
BaCuF$_{7}$In,6.843(1),$\AA$,90,°,,,tetragonal,12.001(3),$\AA$,90,°,6.843(1),$\AA$,90,°,141
F$_{2}$GaHO$_{8}$P$_{2}$Sr$_{2}$,8.257(1),$\AA$,90,°,,,monoclinic,13.596(2),$\AA$,90,°,7.205(1),$\AA$,108.02(1),$^\circ$,14
F$_{2}$Fe$_{2}$HO$_{12}$P$_{3}$Sr$_{2}$,8.072(1),$\AA$,89.95(1),$^\circ$,,,triclinic,8.885(1),$\AA$,102.46(1),$^\circ$,8.794(1),$\AA$,115.95(1),$^\circ$,2
Al$_{2}$F$_{2}$O$_{8}$P$_{2}$Sr,12.026(1),$\AA$,90,°,,,orthorhombic,4.666(1),$\AA$,90,°,12.199(1),$\AA$,90,°,19
H$_{6}$Li$_{6}$O$_{21}$P$_{6}$,15.7442(2),$\AA$,120,°,,,trigonal,12.5486(2),$\AA$,90,°,15.7442(2),$\AA$,90,°,166
CoCsF$_{4}$,12.4476(6),$\AA$,90,°,,,tetragonal,12.9277(7),$\AA$,90,°,12.4476(6),$\AA$,90,°,120
CoCsF$_{4}$,12.4353(4),$\AA$,90,°,,,tetragonal,12.8612(5),$\AA$,90,°,12.4353(4),$\AA$,90,°,120
Al$_{3}$Cs$_{2}$F$_{12}$Na,7.310(3),$\AA$,57.45(1),$^\circ$,,,trigonal,7.310(3),$\AA$,57.45(1),$^\circ$,7.310(3),$\AA$,57.45(1),$^\circ$,166
FNb$_{2}$O$_{5}$Rb,10.492(5),$\AA$,90,°,,,cubic,10.492(5),$\AA$,90,°,10.492(5),$\AA$,90,°,227
FNb$_{2}$O$_{5}$Tl,10.506(5),$\AA$,90,°,,,cubic,10.506(5),$\AA$,90,°,10.506(5),$\AA$,90,°,227
CsFNb$_{2}$O$_{5}$,10.525(5),$\AA$,90,°,,,cubic,10.525(5),$\AA$,90,°,10.525(5),$\AA$,90,°,227
AlF$_{4}$Rb,5.125(2),$\AA$,90,°,,,tetragonal,6.283(2),$\AA$,90,°,5.125(2),$\AA$,90,°,127
Ba$_{2}$F$_{18}$Zn$_{7}$,7.032(2),$\AA$,116.39(2),$^\circ$,,,triclinic,7.505(2),$\AA$,94.24(2),$^\circ$,7.292(2),$\AA$,92.82(2),$^\circ$,2
BaF$_{7}$FeMn,5.5075(1),$\AA$,90,°,,,monoclinic,9.1427(2),$\AA$,90,°,10.9584(2),$\AA$,94.568(2),$^\circ$,14
CoCrF$_{6}$Rb,10.277(5),$\AA$,90,°,,,cubic,10.277(5),$\AA$,90,°,10.277(5),$\AA$,90,°,227
La$_{7}$Mo$_{7}$O$_{30}$,17.0051(2),$\AA$,120,°,,,trigonal,6.8607(1),$\AA$,90,°,17.0051(2),$\AA$,90,°,148
La$_{7}$Mo$_{7}$O$_{30}$,17.00639(20),$\AA$,120,°,,,trigonal,6.8613(1),$\AA$,90,°,17.00639(20),$\AA$,90,°,148
B$_{2}$Gd$_{2}$Na$_{2}$O$_{7}$,10.695(6),$\AA$,90,°,,,monoclinic,10.328(6),$\AA$,90,°,6.320(4),$\AA$,117.80(4),$^\circ$,14
La$_{2.25}$Li$_{2}$Nb$_{1.25}$O$_{13}$Ti$_{2.75}$,3.88,$\AA$,90,°,,,tetragonal,32.39999,$\AA$,90,°,3.88,$\AA$,90,°,139
F$_{2}$Gd$_{2}$MgNa$_{2}$O$_{12}$Si$_{4}$,5.178(3),$\AA$,90,°,,,monoclinic,14.381(4),$\AA$,90,°,7.510(2),$\AA$,90.22(2),$^\circ$,14
GaH$_{4}$O$_{6}$P,9.9260(1),$\AA$,90,°,,,orthorhombic,9.7622(1),$\AA$,90,°,8.6189(1),$\AA$,90,°,61
C$_{12}$H$_{48}$Al$_{7}$F$_{29}$N$_{8}$O$_{2}$,8.438(2),$\AA$,94.03(2),$^\circ$,,,triclinic,10.853(4),$\AA$,106.56(2),$^\circ$,10.125(2),$\AA$,96.48(4),$^\circ$,2
C$_{12}$H$_{47}$Al$_{7}$F$_{30}$N$_{8}$O,9.1111(6),$\AA$,103.035(4),$^\circ$,,,triclinic,11.3302(8),$\AA$,110.746(7),$^\circ$,10.2652(8),$\AA$,102.016(1),$^\circ$,2
C$_{16}$H$_{26}$O$_{5}$,13.7805(12),$\AA$,90,°,,,orthorhombic,8.4303(12),$\AA$,90,°,29.081(5),$\AA$,90,°,56
C$_{23}$H$_{34}$O$_{4}$Si,28.084(3),$\AA$,90,°,,,monoclinic,20.303(3),$\AA$,90,°,8.3502(7),$\AA$,98.37(2),$^\circ$,15
C$_{23}$H$_{34}$O$_{4}$Si,9.4586(17),$\AA$,70.117(11),$^\circ$,,,triclinic,12.4892(15),$\AA$,89.406(10),$^\circ$,11.1593(16),$\AA$,72.021(13),$^\circ$,2
CaH$_{4}$N$_{2}$O$_{8}$,11.827(9),$\AA$,90.(0),$^\circ$,,,orthorhombic,12.622(12),$\AA$,90.(0),$^\circ$,16.538(14),$\AA$,90.(0),$^\circ$,68
Ge$_{4}$O$_{9}$Rb$_{2}$,12.08(7),$\AA$,120,°,,,trigonal,9.86(5),$\AA$,90,°,12.08(7),$\AA$,90,°,165
Ge$_{3}$O$_{9}$Rb$_{2}$Ti,12.19(5),$\AA$,120,°,,,trigonal,10.14(8),$\AA$,90,°,12.19(5),$\AA$,90,°,165
CaH$_{2.47}$N$_{2}$O$_{7.235}$,13.226(2),$\AA$,120,°,,,hexagonal,32.37(2),$\AA$,90,°,13.226(2),$\AA$,90,°,176
B$_{2}$NbO$_{6}$Rb,19.640(2),$\AA$,90,°,,,monoclinic,7.389(3),$\AA$,90,°,9.449(3),$\AA$,90,°,7
H$_{3}$Nb$_{33}$O$_{90}$Tl$_{10.5}$,7.51(2),$\AA$,120,°,,,trigonal,43.29(4),$\AA$,90,°,7.51(2),$\AA$,90,°,166
B$_{2}$K$_{3}$O$_{12}$Ta$_{3}$,8.775(5),$\AA$,120,°,,,trigonal,3.897(1),$\AA$,90,°,8.775(5),$\AA$,90,°,157
B$_{2}$K$_{3}$Nb$_{3}$O$_{12}$,8.753(5),$\AA$,120,°,,,trigonal,3.966(1),$\AA$,90,°,8.753(5),$\AA$,90,°,157
B$_{2}$K$_{3}$Nb$_{3}$O$_{12}$,34.01,$\AA$,120,°,,,trigonal,3.966(1),$\AA$,90,°,34.01,$\AA$,90,°,157
Nb$_{2}$O$_{6}$Pb,35.292(5),$\AA$,90,°,,,orthorhombic,7.746(1),$\AA$,90,°,17.943(5),$\AA$,90,°,36
Nb$_{3.09}$O$_{8.22}$Tl,7.551(4),$\AA$,90,°,,,orthorhombic,7.734(4),$\AA$,90,°,13.005(6),$\AA$,90,°,20
Br$_{2}$CaH$_{12}$O$_{6}$,8.164(5),$\AA$,120,°,,,trigonal,4.016(5),$\AA$,90,°,8.164(5),$\AA$,90,°,150
H$_{4}$CaN$_{2}$O$_{8}$,,,,,,,,,,,,,,,,
Nb$_{6}$O$_{18}$Rb$_{2}$Ti,7.529(4),$\AA$,120,°,,,trigonal,8.194(8),$\AA$,90,°,7.529(4),$\AA$,90,°,164
O$_{18}$Rb$_{2}$Ta$_{6}$Ti,7.512(4),$\AA$,120,°,,,trigonal,8.231(8),$\AA$,90,°,7.512(4),$\AA$,90,°,164
Cs$_{2}$Nb$_{6}$O$_{18}$Ti,7.533(4),$\AA$,120,°,,,trigonal,8.189(8),$\AA$,90,°,7.533(4),$\AA$,90,°,164
Cs$_{2}$O$_{18}$Ta$_{6}$Ti,7.513(4),$\AA$,120,°,,,trigonal,8.227(8),$\AA$,90,°,7.513(4),$\AA$,90,°,164
Nb$_{30}$O$_{90}$Rb$_{12}$W$_{3}$,7.486(2),$\AA$,120,°,,,trigonal,43.10(1),$\AA$,90,°,7.486(2),$\AA$,90,°,166
CaCl$_{2}$H$_{8}$O$_{4}$,8.923(5),$\AA$,90,°,,,monoclinic,12.787(6),$\AA$,90,°,10.221(4),$\AA$,114.68(4),$^\circ$,14
CaClH$_{4}$NO$_{5}$,9.052(4),$\AA$,90,°,,,orthorhombic,19.797(6),$\AA$,90,°,6.676(5),$\AA$,90,°,61
O$_{3}$Rb$_{0.28}$W,7.3875(11),$\AA$,120,°,,,hexagonal,7.5589(12),$\AA$,90,°,7.3875(11),$\AA$,90,°,193
O$_{3}$Tl$_{0.3}$W,7.3810(18),$\AA$,120,°,,,hexagonal,7.5091(11),$\AA$,90,°,7.3810(18),$\AA$,90,°,193
La$_{2}$O$_{7}$Ti$_{2}$,7.800(3),$\AA$,98.60(2),$^\circ$,,,monoclinic,5.546(2),$\AA$,90,°,13.011(4),$\AA$,90,°,4
CaH$_{4}$N$_{2}$O$_{8}$,7.79(1),$\AA$,90,°,,,monoclinic,12.22(1),$\AA$,90,°,6.88(1),$\AA$,90.0(3),$^\circ$,15
B$_{2}$NbO$_{6}$Tl,7.82(2),$\AA$,90,°,,,orthorhombic,7.40(2),$\AA$,90,°,9.46(2),$\AA$,90,°,33
CdCl$_{4}$H$_{6}$Na$_{2}$O$_{3}$,7.89(2),$\AA$,120,°,,,trigonal,26.52(2),$\AA$,90,°,7.89(2),$\AA$,90,°,166
O$_{78}$Rb$_{10}$Ta$_{29.2}$,7.505,$\AA$,120,°,,,hexagonal,36.37,$\AA$,90,°,7.505,$\AA$,90,°,194
K$_{3}$Nb$_{8}$O$_{21}$,9.153(4),$\AA$,120,°,,,hexagonal,12.066(8),$\AA$,90,°,9.153(4),$\AA$,90,°,193
K$_{3}$Nb$_{7}$O$_{21}$Ti,9.107(4),$\AA$,120,°,,,hexagonal,12.011(8),$\AA$,90,°,9.107(4),$\AA$,90,°,193
Ba$_{3}$Nb$_{4}$O$_{21}$Ti$_{4}$,9.040(4),$\AA$,120,°,,,hexagonal,11.767(8),$\AA$,90,°,9.040(4),$\AA$,90,°,193
Na$_{2}$O$_{6}$Ta$_{2}$,10.442(6),$\AA$,90,°,,,cubic,10.442(5),$\AA$,90,°,10.442(5),$\AA$,90,°,227
,5.351,$\AA$,90,°,,,monoclinic,15.03,$\AA$,90,°,9.262,$\AA$,96.83,°,12
Nb$_{2}$O$_{6}$Pb,17.65(2),$\AA$,90,°,,,orthorhombic,3.870(5),$\AA$,90,°,17.92(2),$\AA$,90,°,38
H$_{2}$LiNbO$_{7}$W,10.397(3),$\AA$,90,°,,,cubic,10.397(3),$\AA$,90,°,10.397(3),$\AA$,90,°,227
Bi$_{0.4}$Cd$_{1.733}$O$_{7}$Ta$_{1.867}$,10.421,$\AA$,90,°,,,cubic,10.421,$\AA$,90,°,10.421,$\AA$,90,°,227
H$_{1.1}$NbO$_{6.05}$W,10.355,$\AA$,90,°,,,cubic,10.355,$\AA$,90,°,10.355,$\AA$,90,°,227
BaGe$_{0.5}$O$_{5}$Si$_{1.5}$,4.649,$\AA$,90,°,,,orthorhombic,13.596,$\AA$,90,°,7.739,$\AA$,90,°,62
Nb$_{7}$O$_{18.25}$Tl$_{0.96}$,27.50(2),$\AA$,90,°,,,tetragonal,3.94(1),$\AA$,90,°,27.50(2),$\AA$,90,°,127
F$_{6}$Na$_{2}$U,6.112(2),$\AA$,120,°,,,trigonal,7.240(2),$\AA$,90,°,6.112(2),$\AA$,90,°,143
In$_{0.17}$O$_{3}$W,7.3762(10),$\AA$,120,°,,,hexagonal,7.4983(17),$\AA$,90,°,7.3762(10),$\AA$,90,°,193
In$_{0.15}$O$_{3}$W,7.3824(11),$\AA$,120,°,,,hexagonal,7.5082(10),$\AA$,90,°,7.3824(11),$\AA$,90,°,193
In$_{0.18}$O$_{3}$W,7.3888(11),$\AA$,120,°,,,hexagonal,7.5007(6),$\AA$,90,°,7.3888(11),$\AA$,90,°,193
In$_{0.21}$O$_{3}$W,7.3883(12),$\AA$,120,°,,,hexagonal,7.5065(11),$\AA$,90,°,7.3883(12),$\AA$,90,°,193
In$_{0.24}$O$_{3}$W,7.3837(11),$\AA$,120,°,,,hexagonal,7.5012(7),$\AA$,90,°,7.3837(11),$\AA$,90,°,193
In$_{0.28}$O$_{3}$W,7.3673(30),$\AA$,120,°,,,hexagonal,7.5020(12),$\AA$,90,°,7.3673(30),$\AA$,90,°,193
In$_{0.3}$O$_{3}$W,7.3750(13),$\AA$,120,°,,,hexagonal,7.5009(6),$\AA$,90,°,7.3750(13),$\AA$,90,°,193
In$_{0.31}$O$_{3}$W,7.3716(11),$\AA$,120,°,,,hexagonal,7.5038(7),$\AA$,90,°,7.3716(11),$\AA$,90,°,193
F$_{29}$Na$_{3}$Th$_{6}$Zn,10.116(2),$\AA$,120,°,,,trigonal,13.255(2),$\AA$,90,°,10.116(2),$\AA$,90,°,150
CdO$_{3}$Pb,10.453(2),$\AA$,90,°,,,cubic,10.453(2),$\AA$,90,°,10.453(2),$\AA$,90,°,206
Fe$_{2.8}$O$_{4}$Sn$_{0.2}$,8.461,$\AA$,90,°,,,cubic,8.461,$\AA$,90,°,8.461,$\AA$,90,°,227
Fe$_{2.6}$O$_{4}$Sn$_{0.4}$,8.529,$\AA$,90,°,,,cubic,8.529,$\AA$,90,°,8.529,$\AA$,90,°,227
Fe$_{2.5}$O$_{4}$Sn$_{0.5}$,8.595,$\AA$,90,°,,,cubic,8.595,$\AA$,90,°,8.595,$\AA$,90,°,227
Nb$_{1.34}$O$_{6.67}$Pb$_{2}$Ti$_{0.66}$,10.52,$\AA$,90,°,,,cubic,10.52,$\AA$,90,°,10.52,$\AA$,90,°,227
CrO$_{6}$Ta$_{2}$,4.74,$\AA$,90,°,,,monoclinic,9.305,$\AA$,90,°,4.75,$\AA$,90.95,°,14
BaCo$_{0.5}$O$_{3}$Ta$_{0.5}$,4.077(3),$\AA$,90,°,,,cubic,4.077(3),$\AA$,90,°,4.077(3),$\AA$,90,°,221
Gd$_{0.29}$O$_{3}$Ta$_{0.87}$W$_{0.13}$,3.869,$\AA$,90,°,,,orthorhombic,3.858,$\AA$,90,°,7.737,$\AA$,90,°,47
Gd$_{0.07}$O$_{3}$Ta$_{0.21}$W$_{0.79}$,5.326,$\AA$,90,°,,,orthorhombic,3.786,$\AA$,90,°,5.383,$\AA$,90,°,65
O$_{6}$Ta$_{1.75}$Tl$_{1.75}$W$_{0.25}$,10.5,$\AA$,90,°,,,cubic,10.5,$\AA$,90,°,10.5,$\AA$,90,°,227
KO$_{6}$SbW,10.234(3),$\AA$,90,°,,,cubic,10.234(3),$\AA$,90,°,10.234(3),$\AA$,90,°,227
O$_{6}$RbSbW,10.245(3),$\AA$,90,°,,,cubic,10.245(3),$\AA$,90,°,10.245(3),$\AA$,90,°,227
CsO$_{6}$SbW,10.279(3),$\AA$,90,°,,,cubic,10.279(3),$\AA$,90,°,10.279(3),$\AA$,90,°,227
O$_{6}$SbTlW,10.244(3),$\AA$,90,°,,,cubic,10.244(3),$\AA$,90,°,10.244(3),$\AA$,90,°,227
H$_{3}$O$_{7}$SbW,10.278(3),$\AA$,90,°,,,cubic,10.278(3),$\AA$,90,°,10.278(3),$\AA$,90,°,227
H$_{4}$NO$_{6}$SbW,10.252(3),$\AA$,90,°,,,cubic,10.252(3),$\AA$,90,°,10.252(3),$\AA$,90,°,227
AgH$_{2}$O$_{7}$SbW,10.303(3),$\AA$,90,°,,,cubic,10.303(3),$\AA$,90,°,10.303(3),$\AA$,90,°,227
BaGe$_{2.5}$O$_{9}$Si$_{1.5}$,6.667,$\AA$,120,°,,,hexagonal,9.703(5),$\AA$,90,°,6.667,$\AA$,90,°,188
BaGe$_{3.125}$O$_{9}$Si$_{0.875}$,11.595(5),$\AA$,120,°,,,trigonal,9.755(5),$\AA$,90,°,11.595(5),$\AA$,90,°,159
Ca$_{1.0833}$Nb$_{.6667}$O$_{3}$Sr$_{.25}$,9.84,$\AA$,90,°,,,,14.176,$\AA$,90,°,5.583,$\AA$,90.783,°,
Ca$_{.5833}$Nb$_{.6667}$O$_{3}$Sr$_{.75}$,9.99,$\AA$,90,°,,,,14.16,$\AA$,90,°,5.73,$\AA$,90,°,
Ca$_{1.2333}$Nb$_{.6667}$O$_{3}$Sr$_{.1}$,11.54,$\AA$,90,°,,,,11.18,$\AA$,90,°,16.04,$\AA$,90,°,
Ca$_{1.0833}$Nb$_{.6667}$O$_{3}$Sr$_{.25}$,5.778,$\AA$,90,°,,,,5.63,$\AA$,90,°,8.052,$\AA$,90,°,
Ca$_{.5833}$Nb$_{.6667}$O$_{3}$Sr$_{.75}$,8.14,$\AA$,90,°,,,,8.147,$\AA$,90,°,8.14,$\AA$,90,°,
Ca$_{0.3333}$Nb$_{0.6667}$O$_{3}$Sr,8.19,$\AA$,90,°,,,tetragonal,8.209,$\AA$,90,°,8.19,$\AA$,90,°,81
Mo$_{3}$Nd$_{5}$O$_{16}$,10.99(1),$\AA$,90,°,,,cubic,10.99(1),$\AA$,90,°,10.99(1),$\AA$,90,°,222
Ge$_{3}$KO$_{9}$Ta,6.972(5),$\AA$,120,°,,,hexagonal,10.144(5),$\AA$,90,°,6.972(5),$\AA$,90,°,188
Ge$_{3}$O$_{9}$RbTa,7.041(5),$\AA$,120,°,,,hexagonal,10.116(5),$\AA$,90,°,7.041(5),$\AA$,90,°,188
Ge$_{3}$NbO$_{9}$Rb,7.038(5),$\AA$,120,°,,,hexagonal,10.132(5),$\AA$,90,°,7.038(5),$\AA$,90,°,188
Ge$_{3}$O$_{9}$TaTl,7.036(5),$\AA$,120,°,,,hexagonal,10.124(5),$\AA$,90,°,7.036(5),$\AA$,90,°,188
BaGe$_{3}$O$_{9}$Sn,6.894(5),$\AA$,120,°,,,hexagonal,10.233(5),$\AA$,90,°,6.894(5),$\AA$,90,°,188
O$_{46}$Sn$_{10}$W$_{16}$,7.667(4),$\AA$,120,°,,,hexagonal,18.640(4),$\AA$,90,°,7.667(4),$\AA$,90,°,176
O$_{13}$Tl$_{2}$W$_{4}$,7.327(2),$\AA$,90,°,,,orthorhombic,3.840(1),$\AA$,90,°,37.864(5),$\AA$,90,°,57
KNbO$_{5}$Ti,6.447,$\AA$,90,°,,,orthorhombic,18.431,$\AA$,90,°,3.797,$\AA$,90,°,62
K$_{0.85}$Nb$_{1.15}$O$_{5}$Ti$_{0.85}$,6.474,$\AA$,90,°,,,orthorhombic,18.765,$\AA$,90,°,3.8,$\AA$,90,°,62
NbO$_{5}$RbTi,6.472,$\AA$,90,°,,,orthorhombic,18.943,$\AA$,90,°,3.814,$\AA$,90,°,62
Nb$_{1.15}$O$_{5}$Rb$_{0.85}$Ti$_{0.85}$,6.499,$\AA$,90,°,,,orthorhombic,19.36,$\AA$,90,°,3.812,$\AA$,90,°,62
NbO$_{5}$TiTl,6.456,$\AA$,90,°,,,orthorhombic,18.844,$\AA$,90,°,3.806,$\AA$,90,°,62
Nb$_{1.1}$O$_{5}$Ti$_{0.9}$Tl$_{0.9}$,6.457,$\AA$,90,°,,,orthorhombic,18.919,$\AA$,90,°,3.799,$\AA$,90,°,62
KO$_{5}$TaTi,6.437,$\AA$,90,°,,,orthorhombic,18.474,$\AA$,90,°,3.797,$\AA$,90,°,62
O$_{5}$RbTaTi,6.451,$\AA$,90,°,,,orthorhombic,19.,$\AA$,90,°,3.812,$\AA$,90,°,62
H$_{6}$Nb$_{6}$O$_{20}$Rb$_{4}$,7.83(1),$\AA$,90,°,,,orthorhombic,6.57(1),$\AA$,90,°,39.06(5),$\AA$,90,°,62
BiFeO$_{3}$,5.5876(3),$\AA$,120,°,,,trigonal,13.867(1),$\AA$,90,°,5.5876(3),$\AA$,90,°,161
CrO$_{6}$Ta$_{2}$,4.745,$\AA$,90,°,,,tetragonal,9.305,$\AA$,90,°,4.745,$\AA$,90,°,136
H$_{2}$O$_{7}$Pb$_{2}$Sn$_{2}$,10.7186(10),$\AA$,90,°,,,cubic,10.7186(10),$\AA$,90,°,10.7186(10),$\AA$,90,°,227
O$_{6}$Pb$_{2}$Sn$_{2}$,10.7186(10),$\AA$,90,°,,,cubic,10.7186(10),$\AA$,90,°,10.7186(10),$\AA$,90,°,227
Ba$_{2}$FeO$_{6}$U,8.361(2),$\AA$,90,°,,,cubic,8.361(2),$\AA$,90,°,8.361(2),$\AA$,90,°,225
Ba$_{2}$CrO$_{6}$U,8.301(2),$\AA$,90,°,,,cubic,8.301(2),$\AA$,90,°,8.301(2),$\AA$,90,°,205
O$_{8}$ReY$_{3}$,14.391(10),$\AA$,112.08(5),$^\circ$,,,monoclinic,6.045(5),$\AA$,90,°,7.196(5),$\AA$,90,°,14
Ba$_{2.4}$Cu$_{1.8}$La$_{3.6}$O$_{9.6}$,6.862(1),$\AA$,90,°,,,tetragonal,5.871(1),$\AA$,90,°,6.862(1),$\AA$,90,°,127
Li$_{1.333}$O$_{4}$Ti$_{1.667}$,8.357,$\AA$,90,°,,,cubic,8.357,$\AA$,90,°,8.357,$\AA$,90,°,227
Li$_{1.2}$O$_{4}$Ti$_{1.8}$,8.359,$\AA$,90,°,,,cubic,8.359,$\AA$,90,°,8.359,$\AA$,90,°,227
LiO$_{4}$Ti$_{2}$,8.391,$\AA$,90,°,,,cubic,8.391,$\AA$,90,°,8.391,$\AA$,90,°,227
Li$_{1.1}$O$_{4}$Ti$_{1.9}$,8.378,$\AA$,90,°,,,cubic,8.378,$\AA$,90,°,8.378,$\AA$,90,°,227
Ba$_{3}$O$_{26}$Si$_{4}$Ta$_{6}$,9.001,$\AA$,120,°,,,hexagonal,7.734,$\AA$,90,°,9.001,$\AA$,90,°,189
O$_{26}$Si$_{4}$Sr$_{3}$Ta$_{6}$,8.913,$\AA$,120,°,,,hexagonal,7.633,$\AA$,90,°,8.913,$\AA$,90,°,
K$_{6}$O$_{26}$Si$_{4}$Ta$_{6}$,9.066,$\AA$,120,°,,,hexagonal,7.873,$\AA$,90,°,9.066,$\AA$,90,°,189
K$_{6}$Nb$_{6}$O$_{26}$Si$_{4}$,9.032,$\AA$,120,°,,,hexagonal,8.041,$\AA$,90,°,9.032,$\AA$,90,°,189
K$_{3}$NbO$_{14}$Ti$_{5}$,18.371(6),$\AA$,90,°,,,monoclinic,9.199(3),$\AA$,90,°,3.794(1),$\AA$,101.21(4),$^\circ$,12
K$_{3}$O$_{14}$TaTi$_{5}$,18.363(2),$\AA$,90,°,,,monoclinic,9.174(1),$\AA$,90,°,3.791(1),$\AA$,101.28(1),$^\circ$,12
NbO$_{14}$Rb$_{3}$Ti$_{5}$,19.073(7),$\AA$,90,°,,,monoclinic,9.223(4),$\AA$,90,°,3.814(1),$\AA$,100.93(4),$^\circ$,12
ClCuHgSe,6.9444(9),$\AA$,90,°,,,orthorhombic,4.2526(5),$\AA$,90,°,12.7561(19),$\AA$,90,°,55
CaCl$_{2}$H$_{8}$O$_{4}$,6.1387(9),$\AA$,90,°,,,monoclinic,8.9014(37),$\AA$,90,°,7.6669(12),$\AA$,111.00(3),$^\circ$,14
K$_{2}$O$_{9}$Si$_{3}$Ti,6.774,$\AA$,120,°,,,hexagonal,9.922,$\AA$,90,°,6.774,$\AA$,90,°,176
O$_{9}$Rb$_{2}$Si$_{3}$Ti,6.896,$\AA$,120,°,,,hexagonal,9.943,$\AA$,90,°,6.896,$\AA$,90,°,176
K$_{2}$O$_{9}$Si$_{3}$Sn,6.86,$\AA$,120,°,,,hexagonal,10.12,$\AA$,90,°,6.86,$\AA$,90,°,176
O$_{9}$Rb$_{2}$Si$_{3}$Sn,6.943,$\AA$,120,°,,,hexagonal,10.04,$\AA$,90,°,6.943,$\AA$,90,°,176
Ge$_{3}$O$_{9}$TiTl$_{2}$,6.99,$\AA$,120,°,,,hexagonal,10.267,$\AA$,90,°,6.99,$\AA$,90,°,176
Cs$_{2}$Ge$_{3}$O$_{9}$Ti,7.191,$\AA$,120,°,,,hexagonal,10.36,$\AA$,90,°,7.191,$\AA$,90,°,176
Cs$_{2}$Ge$_{3}$O$_{9}$Sn,7.288,$\AA$,120,°,,,hexagonal,10.472,$\AA$,90,°,7.288,$\AA$,90,°,176
Ge$_{3}$K$_{2}$O$_{9}$Ti,11.916,$\AA$,120,°,,,trigonal,10.018,$\AA$,90,°,11.916,$\AA$,90,°,165
Ge$_{3}$O$_{9}$Rb$_{2}$Ti,12.195,$\AA$,120,°,,,trigonal,10.148,$\AA$,90,°,12.195,$\AA$,90,°,165
Ge$_{3}$K$_{2}$O$_{9}$Sn,12.082,$\AA$,120,°,,,trigonal,10.181,$\AA$,90,°,12.082,$\AA$,90,°,165
Ge$_{3}$O$_{9}$Rb$_{2}$Sn,12.305,$\AA$,120,°,,,trigonal,10.205,$\AA$,90,°,12.305,$\AA$,90,°,165
Ge$_{3}$O$_{9}$SnTl$_{2}$,12.351,$\AA$,120,°,,,trigonal,10.134,$\AA$,90,°,12.351,$\AA$,90,°,165
O$_{3}$Ta$_{0.18}$W$_{0.82}$Y$_{0.06}$,5.298,$\AA$,90,°,,,orthorhombic,3.774,$\AA$,90,°,5.377,$\AA$,90,°,65
O$_{3}$Ta$_{0.72}$W$_{0.28}$Y$_{0.24}$,3.833,$\AA$,90,°,,,cubic,3.833,$\AA$,90,°,3.833,$\AA$,90,°,221
O$_{3}$Ta$_{0.9}$W$_{0.1}$Y$_{0.3}$,3.833,$\AA$,90,°,,,tetragonal,7.727,$\AA$,90,°,3.833,$\AA$,90,°,123
Bi$_{1.5}$O$_{7}$Ta$_{1.5}$Zn,10.54,$\AA$,90,°,,,cubic,10.54,$\AA$,90,°,10.54,$\AA$,90,°,227
ClNaO$_{3}$,8.78(5),$\AA$,90,°,,,monoclinic,6.88(5),$\AA$,90,°,5.17(5),$\AA$,110.(1),$^\circ$,14
Ba$_{2}$MnO$_{6}$U,8.469(3),$\AA$,90,°,,,cubic,8.469(3),$\AA$,90,°,8.469(3),$\AA$,90,°,225
K$_{0.8}$Mg$_{0.4}$O$_{4}$Ti$_{1.6}$,3.8207(5),$\AA$,90,°,,,orthorhombic,2.9814(5),$\AA$,90,°,15.641(5),$\AA$,90,°,36
K$_{0.8}$O$_{4}$Ti$_{1.6}$Zn$_{0.4}$,3.8064(5),$\AA$,90,°,,,orthorhombic,2.9850(5),$\AA$,90,°,15.692(5),$\AA$,90,°,36
CsNbO$_{7}$Ti$_{2}$,9.326,$\AA$,90,°,,,orthorhombic,3.798,$\AA$,90,°,18.412,$\AA$,90,°,62
Ba$_{2}$MgO$_{6}$U,8.379,$\AA$,90,°,,,cubic,8.379,$\AA$,90,°,8.379,$\AA$,90,°,225
Ba$_{2}$Fe$_{1.333}$O$_{6}$U$_{0.667}$,8.25,$\AA$,90,°,,,cubic,8.25,$\AA$,90,°,8.25,$\AA$,90,°,205
Ba$_{2}$Fe$_{0.667}$Mg$_{0.5}$O$_{6}$U$_{0.833}$,8.328,$\AA$,90,°,,,cubic,8.328,$\AA$,90,°,8.328,$\AA$,90,°,205
Cd$_{4}$I$_{3}$P$_{2}$,12.890(2),$\AA$,90,°,,,orthorhombic,12.654(3),$\AA$,90,°,12.725(2),$\AA$,90,°,61
Cu$_{2}$K$_{2}$Mg$_{3}$O$_{30}$Si$_{12}$,10.169,$\AA$,120,°,,,hexagonal,14.182,$\AA$,90,°,10.169,$\AA$,90,°,192
K$_{2}$Mg$_{3}$O$_{30}$Si$_{12}$Zn$_{2}$,10.199,$\AA$,120,°,,,hexagonal,14.145,$\AA$,90,°,10.199,$\AA$,90,°,192
Mg$_{5}$Na$_{2}$O$_{30}$Si$_{12}$,10.151,$\AA$,120,°,,,hexagonal,14.288,$\AA$,90,°,10.151,$\AA$,90,°,192
Cu$_{2}$Mg$_{3}$Na$_{2}$O$_{30}$Si$_{12}$,10.096,$\AA$,120,°,,,hexagonal,14.25,$\AA$,90,°,10.096,$\AA$,90,°,192
Mg$_{5}$NaO$_{30}$RbSi$_{12}$,10.135,$\AA$,120,°,,,hexagonal,14.376,$\AA$,90,°,10.135,$\AA$,90,°,192
K$_{3}$LiMg$_{4}$O$_{30}$Si$_{12}$,10.253,$\AA$,120,°,,,hexagonal,14.04,$\AA$,90,°,10.253,$\AA$,90,°,192
LiMg$_{4}$Na$_{3}$O$_{30}$Si$_{12}$,10.155,$\AA$,120,°,,,hexagonal,14.158,$\AA$,90,°,10.155,$\AA$,90,°,192
Nb$_{2}$O$_{10}$TiU,7.28,$\AA$,90,°,,,orthorhombic,16.02,$\AA$,90,°,12.62,$\AA$,90,°,70
Fe$_{3}$Ge,5.169,$\AA$,120,°,,,hexagonal,4.222,$\AA$,90,°,5.169,$\AA$,90,°,194
Cd$_{1.333}$O$_{4}$Sn$_{1.333}$,9.151(3),$\AA$,90,°,,,cubic,9.151(3),$\AA$,90,°,9.151(3),$\AA$,90,°,227
H$_{1.4}$O$_{6.7}$Pb$_{2}$Sn$_{2}$,10.7186(10),$\AA$,90,°,,,cubic,10.7186(10),$\AA$,90,°,10.7186(10),$\AA$,90,°,227
AgH$_{2}$O$_{7}$TaW,10.402(5),$\AA$,90,°,,,cubic,10.402(5),$\AA$,90,°,10.402(5),$\AA$,90,°,227
AgH$_{2}$NbO$_{7}$W,10.416(5),$\AA$,90,°,,,cubic,10.416(5),$\AA$,90,°,10.416(5),$\AA$,90,°,227
O$_{6}$Ta$_{1.5}$Tl$_{1.5}$W$_{0.5}$,10.523,$\AA$,90,°,,,cubic,10.523,$\AA$,90,°,10.523,$\AA$,90,°,227
O$_{5}$UV,12.31,$\AA$,90,°,,,orthorhombic,4.115,$\AA$,90,°,7.19,$\AA$,90,°,57
O$_{6}$Ta$_{2}$V,4.667,$\AA$,90,°,,,tetragonal,9.129,$\AA$,90,°,4.667,$\AA$,90,°,136
O$_{4}$VZn$_{2}$,8.395,$\AA$,90,°,,,cubic,8.395,$\AA$,90,°,8.395,$\AA$,90,°,227
Co$_{2}$O$_{4}$V,8.382,$\AA$,90,°,,,cubic,8.382,$\AA$,90,°,8.382,$\AA$,90,°,227
Mn$_{2}$O$_{4}$V,8.575,$\AA$,90,°,,,cubic,8.575,$\AA$,90,°,8.575,$\AA$,90,°,227
CoLiO$_{4}$V,8.276,$\AA$,90,°,,,cubic,8.276,$\AA$,90,°,8.276,$\AA$,90,°,227
LiNiO$_{4}$V,8.215,$\AA$,90,°,,,cubic,8.215,$\AA$,90,°,8.215,$\AA$,90,°,227
Cu$_{2}$Eu$_{1.3}$O$_{5.65}$Sr$_{1.7}$,3.744,$\AA$,90,°,,,orthorhombic,20.047,$\AA$,90,°,11.337,$\AA$,90,°,71
O$_{52}$P$_{8}$W$_{12}$,11.9866(11),$\AA$,90,°,,,orthorhombic,5.3197(13),$\AA$,90,°,15.5500(15),$\AA$,90,°,62
HNS$_{7}$,8.440(3),$\AA$,90,°,,,monoclinic,8.203(3),$\AA$,90,°,13.034(4),$\AA$,112.49(2),$^\circ$,13
Ba$_{5.5}$O$_{60}$Ta$_{21.8}$,17.60(5),$\AA$,90,°,,,tetragonal,3.905,$\AA$,90,°,17.60(5),$\AA$,90,°,75
AsCd$_{2}$Cl$_{2}$,7.858(4),$\AA$,90,°,,,monoclinic,8.189(5),$\AA$,90,°,9.193(9),$\AA$,119.95(8),$^\circ$,14
BiO$_{10}$TaW$_{2}$,7.42,$\AA$,120,°,,,hexagonal,3.881,$\AA$,90,°,7.42,$\AA$,90,°,189
H$_{3}$O$_{7}$TaW,10.39,$\AA$,90,°,,,cubic,10.39,$\AA$,90,°,10.39,$\AA$,90,°,227
H$_{3.4}$O$_{7}$Ta$_{1.4}$W$_{0.6}$,10.485,$\AA$,90,°,,,cubic,10.485,$\AA$,90,°,10.485,$\AA$,90,°,227
H$_{3.8}$O$_{7}$Ta$_{1.8}$W$_{0.2}$,10.55,$\AA$,90,°,,,cubic,10.55,$\AA$,90,°,10.55,$\AA$,90,°,227
H$_{4}$O$_{7}$Ta$_{2}$,10.58,$\AA$,90,°,,,cubic,10.58,$\AA$,90,°,10.58,$\AA$,90,°,227
H$_{4}$NO$_{6}$TaW,10.358(5),$\AA$,90,°,,,cubic,10.358(5),$\AA$,90,°,10.358(5),$\AA$,90,°,227
Nb$_{1.33}$O$_{6.66}$Pb$_{2}$Ti$_{0.66}$,10.52,$\AA$,90,°,,,cubic,10.52,$\AA$,90,°,10.52,$\AA$,90,°,227
Cd$_{2}$Cl$_{6}$H$_{24}$NiO$_{12}$,24.4219(21),$\AA$,90,°,,,orthorhombic,7.5416(13),$\AA$,90,°,22.3429(22),$\AA$,90,°,43
Cd$_{4}$Cl$_{10}$H$_{20}$NiO$_{10}$,6.634(2),$\AA$,90,°,,,monoclinic,16.080(4),$\AA$,90,°,12.008(1),$\AA$,108.68(2),$^\circ$,14
Cs$_{2}$Nb$_{4}$O$_{11}$,10.484(2),$\AA$,90,°,,,orthorhombic,7.464(2),$\AA$,90,°,28.898(4),$\AA$,90,°,34
Ba$_{3}$Cu$_{6}$La$_{3}$O$_{14}$,5.5253(4),$\AA$,90,°,,,tetragonal,11.721(1),$\AA$,90,°,5.5253(4),$\AA$,90,°,123
O$_{22}$P$_{2}$Rb$_{0.45}$W$_{6}$,13.991(3),$\AA$,90,°,,,monoclinic,8.561(1),$\AA$,90,°,3.7650(5),$\AA$,114.22(1),$^\circ$,10
Nb$_{3}$O$_{10}$U,7.38,$\AA$,90,°,,,orthorhombic,15.96,$\AA$,90,°,12.78,$\AA$,90,°,70
Ba$_{3}$Fe$_{2}$O$_{9}$W,5.770(2),$\AA$,120,°,,,hexagonal,14.140(15),$\AA$,90,°,5.770(2),$\AA$,90,°,194
La$_{2.4}$Mo$_{1.6}$O$_{8}$,5.61(1),$\AA$,90,°,,,cubic,5.61(1),$\AA$,90,°,5.61(1),$\AA$,90,°,225
Ca$_{2}$O$_{7}$Ta$_{2}$,10.37,$\AA$,90,°,,,cubic,10.37,$\AA$,90,°,10.37,$\AA$,90,°,227
Cd$_{2}$Nb$_{2}$O$_{7}$,10.37,$\AA$,90,°,,,cubic,10.37,$\AA$,90,°,10.37,$\AA$,90,°,227
Cd$_{2}$O$_{7}$Ta$_{2}$,10.38,$\AA$,90,°,,,cubic,10.38,$\AA$,90,°,10.38,$\AA$,90,°,227
In$_{6}$O$_{12}$W,6.2277(9),$\AA$,99.01(1),$^\circ$,,,trigonal,6.2277(9),$\AA$,99.01(1),$^\circ$,6.2277(9),$\AA$,99.01(1),$^\circ$,148
Ba$_{2}$La$_{4}$O$_{10}$Zn$_{2}$,6.914(1),$\AA$,90,°,,,tetragonal,11.594(7),$\AA$,90,°,6.914(1),$\AA$,90,°,140
Ba$_{2}$Nd$_{4}$O$_{10}$Zn$_{2}$,6.756(1),$\AA$,90,°,,,tetragonal,11.540(5),$\AA$,90,°,6.756(1),$\AA$,90,°,140
Na$_{0.82}$Nb$_{2}$O$_{6.76}$U$_{0.45}$,10.4,$\AA$,90,°,,,cubic,10.4,$\AA$,90,°,10.4,$\AA$,90,°,227
Ca$_{0.5}$O$_{3}$Ta,3.875(5),$\AA$,90,°,,,cubic,3.875(5),$\AA$,90,°,3.875(5),$\AA$,90,°,221
O$_{3}$Sn$_{0.25}$Ta,3.88,$\AA$,90,°,,,cubic,3.88,$\AA$,90,°,3.88,$\AA$,90,°,221
Ca$_{0.91}$O$_{3}$Ta$_{0.84}$,3.96,$\AA$,90,°,,,cubic,3.96,$\AA$,90,°,3.96,$\AA$,90,°,221
O$_{4}$SnZn$_{2}$,8.65(1),$\AA$,90,°,,,cubic,8.65(1),$\AA$,90,°,8.65(1),$\AA$,90,°,227
Cd$_{0.2}$O$_{4}$SnZn$_{1.8}$,8.71(1),$\AA$,90,°,,,cubic,8.71(1),$\AA$,90,°,8.71(1),$\AA$,90,°,227
Cd$_{0.4}$O$_{4}$SnZn$_{1.6}$,8.76(1),$\AA$,90,°,,,cubic,8.76(1),$\AA$,90,°,8.76(1),$\AA$,90,°,227
Cd$_{0.6}$O$_{4}$SnZn$_{1.4}$,8.82(1),$\AA$,90,°,,,cubic,8.82(1),$\AA$,90,°,8.82(1),$\AA$,90,°,227
Cd$_{0.8}$O$_{4}$SnZn$_{1.2}$,8.88(1),$\AA$,90,°,,,cubic,8.88(1),$\AA$,90,°,8.88(1),$\AA$,90,°,227
CdO$_{4}$SnZn,8.94(1),$\AA$,90,°,,,cubic,8.94(1),$\AA$,90,°,8.94(1),$\AA$,90,°,227
Cd$_{1.2}$O$_{4}$SnZn$_{0.8}$,8.98(1),$\AA$,90,°,,,cubic,8.98(1),$\AA$,90,°,8.98(1),$\AA$,90,°,227
Cd$_{1.5}$O$_{4}$SnZn$_{0.5}$,9.03(1),$\AA$,90,°,,,cubic,9.03(1),$\AA$,90,°,9.03(1),$\AA$,90,°,227
Cd$_{1.6}$O$_{4}$SnZn$_{0.4}$,9.05(1),$\AA$,90,°,,,cubic,9.05(1),$\AA$,90,°,9.05(1),$\AA$,90,°,227
GeO$_{8}$Zr$_{3}$,5.005(1),$\AA$,90,°,,,tetragonal,10.452(2),$\AA$,90,°,5.005(1),$\AA$,90,°,121
CuKO$_{9}$Ta$_{3}$,8.862(8),$\AA$,90,°,,,orthorhombic,7.638(6),$\AA$,90,°,10.187(10),$\AA$,90,°,30
O$_{108}$Rb$_{21.79}$W$_{32.74}$,15.966,$\AA$,90,°,,,tetragonal,10.099,$\AA$,90,°,15.966,$\AA$,90,°,82
H$_{1.5}$O$_{6.25}$TaW,10.319,$\AA$,90,°,,,cubic,10.319,$\AA$,90,°,10.319,$\AA$,90,°,227
Cl$_{2}$O$_{4}$Pb$_{4}$,3.91,$\AA$,90,°,,,tetragonal,13.,$\AA$,90,°,3.91,$\AA$,90,°,139
NbO$_{9}$RbTi$_{3}$,6.407,$\AA$,90,°,,,orthorhombic,14.918,$\AA$,90,°,3.797,$\AA$,90,°,59
La$_{6}$O$_{18}$Re$_{4}$,6.858(5),$\AA$,92.94(15),$^\circ$,,,triclinic,5.673(4),$\AA$,105.32(20),$^\circ$,11.198(7),$\AA$,111.17(20),$^\circ$,2
CaCu$_{3}$O$_{12}$Ti$_{4}$,7.393(1),$\AA$,90,°,,,cubic,7.393(1),$\AA$,90,°,7.393(1),$\AA$,90,°,229
CuLa$_{0.74}$O$_{4}$Sr$_{1.2}$,18.804,$\AA$,90,°,,,tetragonal,12.941,$\AA$,90,°,18.804,$\AA$,90,°,139
HNbO$_{5}$Ti,6.521(2),$\AA$,90,°,,,orthorhombic,16.656(4),$\AA$,90,°,3.773(1),$\AA$,90,°,62
HNbO$_{5}$Ti,6.534(3),$\AA$,90,°,,,orthorhombic,16.675(9),$\AA$,90,°,3.777(1),$\AA$,90,°,62
DNbO$_{5}$Ti,6.534(4),$\AA$,90,°,,,orthorhombic,16.677(11),$\AA$,90,°,3.776(2),$\AA$,90,°,62
KNb$_{3}$O$_{8}$,8.903(3),$\AA$,90,°,,,orthorhombic,3.799(2),$\AA$,90,°,21.16(2),$\AA$,90,°,63
O$_{32}$P$_{4}$W$_{8}$,5.285(2),$\AA$,90,°,,,orthorhombic,17.351(3),$\AA$,90,°,6.569(1),$\AA$,90,°,19
CdCl$_{6}$H$_{24}$Ni$_{2}$O$_{12}$,9.9509(7),$\AA$,120,°,,,trigonal,11.2393(7),$\AA$,90,°,9.9509(7),$\AA$,90,°,143
O$_{5.5}$TaW,10.4372(6),$\AA$,90,°,,,cubic,10.4372(6),$\AA$,90,°,10.4372(6),$\AA$,90,°,227
HO$_{6}$TaW,10.4438(5),$\AA$,90,°,,,cubic,10.4438(5),$\AA$,90,°,10.4438(5),$\AA$,90,°,227
HO$_{6}$TaW,10.4443(6),$\AA$,90,°,,,cubic,10.4443(6),$\AA$,90,°,10.4443(6),$\AA$,90,°,227
DO$_{6}$TaW,10.4425(6),$\AA$,90,°,,,cubic,10.4425(6),$\AA$,90,°,10.4425(6),$\AA$,90,°,227
D$_{1.8}$H$_{0.2}$O$_{6}$TaW,10.4421(12),$\AA$,90,°,,,cubic,10.4421(12),$\AA$,90,°,10.4421(12),$\AA$,90,°,227
H$_{2}$O$_{6}$Ta$_{2}$,10.6032(6),$\AA$,90,°,,,cubic,10.6032(6),$\AA$,90,°,10.6032(6),$\AA$,90,°,227
D$_{1.4}$H$_{1.6}$O$_{6}$Ta$_{2}$,10.6106(6),$\AA$,90,°,,,cubic,10.6106(6),$\AA$,90,°,10.6106(6),$\AA$,90,°,227
Cu$_{3}$O$_{21}$RbTa$_{7}$,28.11(1),$\AA$,90,°,,,orthorhombic,7.548(5),$\AA$,90,°,7.503(4),$\AA$,90,°,65
FeLiO$_{4}$Sn,3.066(1),$\AA$,90,°,,,orthorhombic,9.874(2),$\AA$,90,°,5.066(1),$\AA$,90,°,62
FeLiO$_{4}$Sn,6.012(1),$\AA$,120,°,,,hexagonal,9.776(2),$\AA$,90,°,6.012(1),$\AA$,90,°,186
BaCuO$_{5}$Y$_{2}$,7.132(2),$\AA$,90,°,,,orthorhombic,5.658(2),$\AA$,90,°,12.181(2),$\AA$,90,°,62
BaCuGd$_{2}$O$_{5}$,7.226(2),$\AA$,90,°,,,orthorhombic,5.724(2),$\AA$,90,°,12.321(2),$\AA$,90,°,62
O$_{6}$Pb$_{1.2}$Ta$_{1.6}$Ti$_{0.4}$,10.54,$\AA$,90,°,,,cubic,10.54,$\AA$,90,°,10.54,$\AA$,90,°,227
Ge$_{2}$N$_{2}$O,9.312(1),$\AA$,90,°,,,orthorhombic,5.105(1),$\AA$,90,°,5.755(1),$\AA$,90,°,36
O$_{50}$P$_{4}$Rb$_{0.87}$W$_{14}$,15.723(4),$\AA$,90,°,,,monoclinic,17.118(4),$\AA$,90,°,3.764(3),$\AA$,113.42(2),$^\circ$,13
F$_{15}$FeNaNp$_{3}$,9.802,$\AA$,120,°,,,trigonal,13.004,$\AA$,90,°,9.802,$\AA$,90,°,165
AlCr$_{2}$Li$_{2}$O$_{8}$Sb,5.796(2),$\AA$,120,°,,,hexagonal,9.466(5),$\AA$,90,°,5.796(2),$\AA$,90,°,186
Al$_{2}$CrLi$_{2}$O$_{8}$Sb,5.703(2),$\AA$,120,°,,,hexagonal,9.392(5),$\AA$,90,°,5.703(2),$\AA$,90,°,186
Cr$_{2}$FeLi$_{2}$O$_{8}$Sb,5.867(2),$\AA$,120,°,,,hexagonal,9.542(5),$\AA$,90,°,5.867(2),$\AA$,90,°,186
Fe$_{3}$Li$_{2}$O$_{8}$Sb,5.923(2),$\AA$,120,°,,,hexagonal,9.641(5),$\AA$,90,°,5.923(2),$\AA$,90,°,186
Cr$_{2}$FeLi$_{2}$O$_{8}$Sb,8.398(4),$\AA$,90,°,,,cubic,8.398(4),$\AA$,90,°,8.398(4),$\AA$,90,°,227
Fe$_{3}$Li$_{2}$O$_{8}$Sb,8.425(4),$\AA$,90,°,,,cubic,8.425(4),$\AA$,90,°,8.425(4),$\AA$,90,°,227
K$_{0.4}$O$_{16}$P$_{2}$W$_{4}$,6.6702(5),$\AA$,90,°,,,monoclinic,8.9091(8),$\AA$,90,°,5.3228(8),$\AA$,100.546(7),$^\circ$,11
O$_{38}$P$_{4}$W$_{10}$,6.5656(25),$\AA$,90,°,,,monoclinic,20.573(15),$\AA$,90,°,5.2850(15),$\AA$,96.18(4),$^\circ$,4
KNb$_{5}$O$_{25}$Ti$_{6}$,6.611(4),$\AA$,90,°,,,orthorhombic,30.154(18),$\AA$,90,°,8.880(8),$\AA$,90,°,63
K$_{4}$Mo$_{8}$O$_{52}$P$_{12}$,10.7433(16),$\AA$,90,°,,,monoclinic,8.8519(7),$\AA$,90,°,14.0839(9),$\AA$,126.42(1),$^\circ$,15
O$_{56}$P$_{4}$Rb$_{0.8}$W$_{16}$,16.194(3),$\AA$,90,°,,,monoclinic,17.095(4),$\AA$,90,°,3.7719(4),$\AA$,93.89(2),$^\circ$,13
N$_{4}$Si$_{3}$,7.7523(2),$\AA$,120,°,,,trigonal,5.6198(2),$\AA$,90,°,7.7523(2),$\AA$,90,°,159
N$_{4}$Si$_{3}$,7.7660(2),$\AA$,120,°,,,trigonal,5.6297(3),$\AA$,90,°,7.7660(2),$\AA$,90,°,159
N$_{4}$Si$_{3}$,7.7696(2),$\AA$,120,°,,,trigonal,5.6318(3),$\AA$,90,°,7.7696(2),$\AA$,90,°,159
N$_{4}$Si$_{3}$,7.7809(3),$\AA$,120,°,,,trigonal,5.6407(4),$\AA$,90,°,7.7809(3),$\AA$,90,°,159
N$_{4}$Si$_{3}$,7.7853(4),$\AA$,120,°,,,trigonal,5.6431(5),$\AA$,90,°,7.7853(4),$\AA$,90,°,159
N$_{4}$Si$_{3}$,7.7910(4),$\AA$,120,°,,,trigonal,5.6492(5),$\AA$,90,°,7.7910(4),$\AA$,90,°,159
N$_{4}$Si$_{3}$,7.6018(4),$\AA$,120,°,,,hexagonal,2.9066(2),$\AA$,90,°,7.6018(4),$\AA$,90,°,176
N$_{4}$Si$_{3}$,7.6140(4),$\AA$,120,°,,,hexagonal,2.9123(2),$\AA$,90,°,7.6140(4),$\AA$,90,°,176
N$_{4}$Si$_{3}$,7.6170(4),$\AA$,120,°,,,hexagonal,2.9134(2),$\AA$,90,°,7.6170(4),$\AA$,90,°,176
N$_{4}$Si$_{3}$,7.6272(6),$\AA$,120,°,,,hexagonal,2.9182(3),$\AA$,90,°,7.6272(6),$\AA$,90,°,176
N$_{4}$Si$_{3}$,7.6322(6),$\AA$,120,°,,,hexagonal,2.9191(4),$\AA$,90,°,7.6322(6),$\AA$,90,°,176
N$_{4}$Si$_{3}$,7.6374(7),$\AA$,120,°,,,hexagonal,2.9220(4),$\AA$,90,°,7.6374(7),$\AA$,90,°,176
BaO$_{5}$Y$_{2}$Zn,7.068(3),$\AA$,90,°,,,orthorhombic,5.706(2),$\AA$,90,°,12.324(4),$\AA$,90,°,62
BaO$_{4}$Sc$_{2}$,9.84,$\AA$,90,°,,,monoclinic,20.65,$\AA$,90,°,5.81,$\AA$,90.(0),$^\circ$,15
K$_{1.4}$O$_{50}$P$_{4}$W$_{14}$,6.660(2),$\AA$,90,°,,,monoclinic,27.06(5),$\AA$,90,°,5.3483(3),$\AA$,97.20(2),$^\circ$,12
CoH$_{17}$N$_{8}$O$_{8}$,13.201(15),$\AA$,90,°,,,monoclinic,12.20(8),$\AA$,90,°,7.813(4),$\AA$,108.72,°,9
Ge$_{2}$Nd$_{2}$O$_{7}$,37.6093(99),$\AA$,95.150(16),$^\circ$,,,triclinic,6.9234(12),$\AA$,91.456(13),$^\circ$,6.9222(3),$\AA$,90.728(17),$^\circ$,2
Cs$_{3}$Nb$_{5.96}$O$_{16.4}$,18.315(3),$\AA$,90,°,,,orthorhombic,7.296(2),$\AA$,90,°,24.506(4),$\AA$,90,°,63
O$_{3}$Sn$_{0.3}$W,12.25,$\AA$,90,°,,,tetragonal,3.83,$\AA$,90,°,12.25,$\AA$,90,°,127
Dy$_{5}$O$_{12}$Re$_{2}$,12.425(8),$\AA$,107.8(2),$^\circ$,,,monoclinic,5.653(5),$\AA$,90,°,7.511(5),$\AA$,90,°,11
Al$_{11}$LaMnO$_{19}$,5.574,$\AA$,120,°,,,hexagonal,22.008,$\AA$,90,°,5.574,$\AA$,90,°,194
Al$_{11.95}$La$_{0.9}$O$_{18.9}$,5.577,$\AA$,120,°,,,hexagonal,22.003,$\AA$,90,°,5.577,$\AA$,90,°,194
Al$_{11.5}$La$_{0.85}$O$_{18.5}$,5.55,$\AA$,120,°,,,hexagonal,22.021,$\AA$,90,°,5.55,$\AA$,90,°,194
Al$_{11.55}$La$_{0.85}$O$_{18.6}$,5.55,$\AA$,120,°,,,hexagonal,22.031,$\AA$,90,°,5.55,$\AA$,90,°,194
CoNiO$_{4}$V,8.361,$\AA$,90,°,,,,8.361,$\AA$,90,°,8.361,$\AA$,90,°,
CdH$_{2}$Nb$_{2}$O$_{7}$,10.443(5),$\AA$,90,°,,,cubic,10.443(5),$\AA$,90,°,10.443(5),$\AA$,90,°,227
Ca$_{0.4}$H$_{3.2}$Nb$_{2}$O$_{7}$,10.512(5),$\AA$,90,°,,,cubic,10.512(5),$\AA$,90,°,10.512(5),$\AA$,90,°,227
H$_{3.2}$Nb$_{2}$O$_{7}$Sr$_{0.4}$,10.560(5),$\AA$,90,°,,,cubic,10.560(5),$\AA$,90,°,10.560(5),$\AA$,90,°,227
CdH$_{2}$O$_{7}$Ta$_{2}$,10.433(5),$\AA$,90,°,,,cubic,10.433(5),$\AA$,90,°,10.433(5),$\AA$,90,°,227
Ca$_{0.5}$H$_{3}$O$_{7}$Ta$_{2}$,10.478(5),$\AA$,90,°,,,cubic,10.478(5),$\AA$,90,°,10.478(5),$\AA$,90,°,227
H$_{3.5}$O$_{7}$Sr$_{0.25}$Ta$_{2}$,10.554(5),$\AA$,90,°,,,cubic,10.554(5),$\AA$,90,°,10.554(5),$\AA$,90,°,227
Ba$_{2}$Nb$_{4}$O$_{18}$Ti$_{3}$,10.000(3),$\AA$,90,°,,,monoclinic,7.315(2),$\AA$,90,°,9.959(3),$\AA$,111.29(2),$^\circ$,14
Nb$_{2}$O$_{7}$Ti,20.351(3),$\AA$,90,°,,,monoclinic,11.882(2),$\AA$,90,°,3.801(2),$\AA$,120.19(1),$^\circ$,12
Na$_{1.5}$O$_{32}$P$_{4}$W$_{8}$,17.788(11),$\AA$,90,°,,,monoclinic,6.607(5),$\AA$,90,°,5.277(4),$\AA$,99.64(5),$^\circ$,14
Na$_{1.7}$O$_{44}$P$_{4}$W$_{12}$,23.775(17),$\AA$,90,°,,,monoclinic,6.588(2),$\AA$,90,°,5.291(1),$\AA$,93.47(4),$^\circ$,14
Ba$_{0.15}$O$_{3}$W,8.859(3),$\AA$,90,°,,,orthorhombic,3.808(2),$\AA$,90,°,10.039(8),$\AA$,90,°,51
BaK$_{4}$O$_{26}$Si$_{4}$Ta$_{6}$,9.047,$\AA$,120,°,,,hexagonal,7.81,$\AA$,90,°,9.047,$\AA$,90,°,189
Ba$_{1.5}$K$_{3}$O$_{26}$Si$_{4}$Ta$_{6}$,9.035,$\AA$,120,°,,,hexagonal,7.79,$\AA$,90,°,9.035,$\AA$,90,°,189
Ge$_{4}$K$_{10}$Nb$_{22}$O$_{68}$,9.112(5),$\AA$,120,°,,,hexagonal,20.01(1),$\AA$,90,°,9.112(5),$\AA$,90,°,189
Ba$_{3}$O$_{21}$Sb$_{4}$Ti$_{4}$,8.966(3),$\AA$,120,°,,,hexagonal,11.857(5),$\AA$,90,°,8.966(3),$\AA$,90,°,193
Nb$_{4}$O$_{21}$Sr$_{3}$Ti$_{4}$,8.992,$\AA$,120,°,,,hexagonal,11.605,$\AA$,90,°,8.992,$\AA$,90,°,193
O$_{21}$Sr$_{3}$Ta$_{4}$Ti$_{4}$,9.008,$\AA$,120,°,,,hexagonal,11.629,$\AA$,90,°,9.008,$\AA$,90,°,193
O$_{5}$TaTiTl,6.444(4),$\AA$,90,°,,,orthorhombic,18.86(1),$\AA$,90,°,3.801(1),$\AA$,90,°,62
Ba$_{3}$LiNb$_{3}$O$_{21}$Ti$_{5}$,9.072(4),$\AA$,120,°,,,hexagonal,11.670(8),$\AA$,90,°,9.072(4),$\AA$,90,°,193
Ba$_{3}$LiNb$_{3}$O$_{21}$Ti$_{5}$,9.072(4),$\AA$,120,°,,,hexagonal,11.670(8),$\AA$,90,°,9.072(4),$\AA$,90,°,193
Ba$_{3}$LiO$_{21}$Ta$_{3}$Ti$_{5}$,9.062(4),$\AA$,120,°,,,hexagonal,11.679(8),$\AA$,90,°,9.062(4),$\AA$,90,°,193
Ba$_{3}$LiO$_{21}$Sb$_{3}$Ti$_{5}$,8.978(4),$\AA$,120,°,,,hexagonal,11.815(8),$\AA$,90,°,8.978(4),$\AA$,90,°,193
Ba$_{0.45}$Na$_{1.7}$O$_{13}$Ti$_{5.85}$,15.183,$\AA$,90,°,,,monoclinic,9.143,$\AA$,90,°,3.783,$\AA$,98.7,°,12
ClCuHgS,9.844(5),$\AA$,90,°,,,orthorhombic,4.095(2),$\AA$,90,°,17.752(7),$\AA$,90,°,55
BrCuHgS,10.045(6),$\AA$,90,°,,,orthorhombic,4.128(2),$\AA$,90,°,18.320(1),$\AA$,90,°,55
Li$_{1.6}$O$_{8}$Sn$_{2.8}$Zn$_{1.6}$,6.067(4),$\AA$,120,°,,,hexagonal,9.880(8),$\AA$,90,°,6.067(4),$\AA$,90,°,186
Li$_{1.6}$Mg$_{1.6}$O$_{8}$Sn$_{2.8}$,6.077(4),$\AA$,120,°,,,hexagonal,9.829(8),$\AA$,90,°,6.077(4),$\AA$,90,°,186
Li$_{1.6}$O$_{8}$Sn$_{2.1}$Ti$_{0.7}$Zn$_{1.6}$,6.011(4),$\AA$,120,°,,,hexagonal,9.815(8),$\AA$,90,°,6.011(4),$\AA$,90,°,186
Cu$_{2}$La$_{2}$O$_{6}$Sr,3.865(2),$\AA$,90,°,,,tetragonal,19.887(4),$\AA$,90,°,3.865(2),$\AA$,90,°,139
Cu$_{2}$La$_{1.9}$O$_{5.95}$Sr$_{1.1}$,3.863(2),$\AA$,90,°,,,tetragonal,19.963(4),$\AA$,90,°,3.863(2),$\AA$,90,°,139
Ca$_{1.1}$Cu$_{2}$La$_{1.9}$O$_{5.95}$,3.825(2),$\AA$,90,°,,,tetragonal,19.404(4),$\AA$,90,°,3.825(2),$\AA$,90,°,139
As$_{3}$BrCd$_{2}$,8.286(1),$\AA$,90,°,,,monoclinic,7.987(2),$\AA$,90,°,9.408(2),$\AA$,101.3(2),$^\circ$,9
Cd$_{2}$IP$_{3}$,8.243(1),$\AA$,90,°,,,monoclinic,7.516(2),$\AA$,90,°,9.334(2),$\AA$,99.8(2),$^\circ$,9
BrCd$_{2}$P$_{3}$,8.077(1),$\AA$,90,°,,,monoclinic,7.534(3),$\AA$,90,°,9.088(2),$\AA$,100.3(2),$^\circ$,9
Cd$_{2}$ClP$_{3}$,7.969(1),$\AA$,90,°,,,monoclinic,7.554(2),$\AA$,90,°,8.984(2),$\AA$,100.8(1),$^\circ$,9
K$_{3}$O$_{21}$Ta$_{7}$Ti,9.086,$\AA$,120,°,,,hexagonal,12.054,$\AA$,90,°,9.086,$\AA$,90,°,193
Fe$_{0.5}$K$_{3}$O$_{21}$Ta$_{7.5}$,9.12,$\AA$,120,°,,,hexagonal,12.086,$\AA$,90,°,9.12,$\AA$,90,°,193
Ba$_{3}$O$_{21}$Ta$_{4}$Ti$_{4}$,9.024,$\AA$,120,°,,,hexagonal,11.79,$\AA$,90,°,9.024,$\AA$,90,°,193
Ba$_{3}$Fe$_{2}$O$_{21}$Ta$_{6}$,9.116,$\AA$,120,°,,,hexagonal,11.93,$\AA$,90,°,9.116,$\AA$,90,°,193
Ge$_{4}$K$_{6}$Nb$_{6}$O$_{26}$,9.188,$\AA$,120,°,,,hexagonal,8.123,$\AA$,90,°,9.188,$\AA$,90,°,189
Ba$_{3}$Nb$_{3.2}$O$_{21}$Ti$_{5}$,9.020(4),$\AA$,120,°,,,hexagonal,11.796(8),$\AA$,90,°,9.020(4),$\AA$,90,°,193
Ba$_{3}$O$_{21}$Ta$_{3.2}$Ti$_{5}$,9.017(4),$\AA$,120,°,,,hexagonal,11.820(8),$\AA$,90,°,9.017(4),$\AA$,90,°,193
NbO$_{9}$RbTi$_{3}$,6.407,$\AA$,90,°,,,orthorhombic,14.918,$\AA$,90,°,3.797,$\AA$,90,°,59
Ge$_{2}$N$_{2}$O,9.317(3),$\AA$,90,°,,,orthorhombic,5.105(1),$\AA$,90,°,5.752(1),$\AA$,90,°,36
Ge$_{2}$N$_{2}$O,9.315(3),$\AA$,90,°,,,orthorhombic,5.102(1),$\AA$,90,°,5.747(1),$\AA$,90,°,36
Ge$_{2}$N$_{2}$O,9.306(3),$\AA$,90,°,,,orthorhombic,5.097(1),$\AA$,90,°,5.742(1),$\AA$,90,°,36
Ge$_{2}$N$_{2}$O,9.298(3),$\AA$,90,°,,,orthorhombic,5.092(1),$\AA$,90,°,5.736(1),$\AA$,90,°,36
Ge$_{2}$N$_{2}$O,9.287(3),$\AA$,90,°,,,orthorhombic,5.089(1),$\AA$,90,°,5.731(2),$\AA$,90,°,36
Ge$_{2}$N$_{2}$O,9.274(3),$\AA$,90,°,,,orthorhombic,5.085(1),$\AA$,90,°,5.727(2),$\AA$,90,°,36
Ge$_{2}$N$_{2}$O,9.266(3),$\AA$,90,°,,,orthorhombic,5.080(1),$\AA$,90,°,5.720(2),$\AA$,90,°,36
Ge$_{2}$N$_{2}$O,9.259(4),$\AA$,90,°,,,orthorhombic,5.075(1),$\AA$,90,°,5.714(2),$\AA$,90,°,36
Ge$_{2}$N$_{2}$O,9.261(4),$\AA$,90,°,,,orthorhombic,5.074(1),$\AA$,90,°,5.707(2),$\AA$,90,°,36
Ge$_{2}$N$_{2}$O,9.254(4),$\AA$,90,°,,,orthorhombic,5.073(2),$\AA$,90,°,5.699(2),$\AA$,90,°,36
Ge$_{2}$N$_{2}$O,9.247(4),$\AA$,90,°,,,orthorhombic,5.072(2),$\AA$,90,°,5.689(2),$\AA$,90,°,36
O$_{3}$Sn$_{0.26}$W,12.25,$\AA$,90,°,,,tetragonal,3.83,$\AA$,90,°,12.25,$\AA$,90,°,127
As$_{0.5}$Cd$_{1.5}$I$_{1.5}$,4.466(3),$\AA$,120,°,,,hexagonal,7.302(8),$\AA$,90,°,4.466(3),$\AA$,90,°,186
Cd$_{1.5}$I$_{1.5}$P$_{0.5}$,4.422(9),$\AA$,120,°,,,hexagonal,7.24(1),$\AA$,90,°,4.422(9),$\AA$,90,°,186
As$_{1.5}$Cd$_{4}$I$_{3}$P$_{0.5}$,12.955(5),$\AA$,90,°,,,cubic,12.955(5),$\AA$,90,°,12.955(5),$\AA$,90,°,205
AsCd$_{4}$I$_{3}$P,12.884(5),$\AA$,90,°,,,cubic,12.884(5),$\AA$,90,°,12.884(5),$\AA$,90,°,205
As$_{0.5}$Cd$_{4}$I$_{3}$P$_{1.5}$,12.843(5),$\AA$,90,°,,,cubic,12.843(5),$\AA$,90,°,12.843(5),$\AA$,90,°,205
AsBr$_{3}$Cd$_{4}$P,12.521(2),$\AA$,90,°,,,cubic,12.521(2),$\AA$,90,°,12.521(2),$\AA$,90,°,205
Ag$_{10}$H$_{20}$O$_{88}$Ta$_{29.2}$,7.52,$\AA$,120,°,,,hexagonal,36.45,$\AA$,90,°,7.52,$\AA$,90,°,194
Nb$_{29.2}$O$_{78}$Tl$_{10}$,7.532,$\AA$,120,°,,,hexagonal,36.42,$\AA$,90,°,7.532,$\AA$,90,°,194
H$_{2}$N$_{2}$S$_{22}$,10.883,$\AA$,90,°,,,monoclinic,10.674,$\AA$,90,°,10.73,$\AA$,95.67,°,14
BaCuNd$_{2}$O$_{5}$,6.695(1),$\AA$,90,°,,,tetragonal,5.819(2),$\AA$,90,°,6.695(1),$\AA$,90,°,127
O$_{8}$PbRe$_{2}$,11.276(5),$\AA$,120,°,,,trigonal,4.593(3),$\AA$,90,°,11.276(5),$\AA$,90,°,157
CoF$_{6}$H$_{6}$NpO$_{3}$,12.119(4),$\AA$,90,°,,,monoclinic,7.928(3),$\AA$,90,°,6.908(3),$\AA$,92.84,°,5
Br$_{6}$H$_{24}$MgMn$_{2}$O$_{12}$,13.477(15),$\AA$,90,°,,,monoclinic,8.428(2),$\AA$,90,°,10.031(8),$\AA$,110.966,°,12
CsO$_{40}$P$_{8}$W$_{8}$,13.061(1),$\AA$,90,°,,,orthorhombic,5.2960(5),$\AA$,90,°,12.319(1),$\AA$,90,°,62
F$_{12}$H$_{2}$Np$_{3}$O,12.023(5),$\AA$,90,°,,,monoclinic,8.435(4),$\AA$,90,°,11.723(5),$\AA$,128.77(2),$^\circ$,8
O$_{64}$P$_{8}$Rb$_{2}$W$_{16}$,10.181(6),$\AA$,90,°,,,monoclinic,17.156(4),$\AA$,90,°,7.519(1),$\AA$,113.32(3),$^\circ$,12
CsMo$_{3}$O$_{25}$P$_{5.8}$Si$_{2}$,8.2642(5),$\AA$,120,°,,,trigonal,17.559(2),$\AA$,90,°,8.2642(5),$\AA$,90,°,163
O$_{11}$PW$_{3}$,5.2927(7),$\AA$,90,°,,,orthorhombic,23.549(3),$\AA$,90,°,6.5604(7),$\AA$,90,°,19
O$_{14}$PW$_{4}$,5.2943(5),$\AA$,90,°,,,orthorhombic,29.700(4),$\AA$,90,°,6.5534(4),$\AA$,90,°,19
Cs$_{0.75}$K$_{0.25}$NbO$_{11}$TiU$_{2}$,7.630(2),$\AA$,90,°,,,orthorhombic,13.609(3),$\AA$,90,°,10.923(2),$\AA$,90,°,63
CsNbO$_{6}$U,7.430(1),$\AA$,90,°,,,monoclinic,10.668(2),$\AA$,90,°,8.700(1),$\AA$,105.08(1),$^\circ$,14
